Cocktail Name,Ingredients
Espresso Martini,"EFFEN Original Vodka, Coffee Liqueur, EFFEN Original Vodka, Coffee Liqueur, Espresso, Better With Bitters"
French 75,"Sipsmith London Dry Gin, Lemon Juice, Sipsmith London Dry Gin, Lemon Juice, Simple Syrup, Champagne, Lemon Twist"
Last Word,"Sipsmith London Dry Gin, Lime Juice, Sipsmith London Dry Gin, Lime Juice, Maraschino Liqueur, Green Chartreuse Liqueur"
Tom Collins,"Sipsmith London Dry Gin, Lemon Juice, Sipsmith London Dry Gin, Lemon Juice, Simple Syrup, Club Soda, Orange Slice"
Tokyo Collins,"Suntory Roku Gin, Lemon Juice, Suntory Roku Gin, Lemon Juice, Simple Syrup, Club Soda"
Gin Basil Smash,"Sipsmith London Dry Gin, Simple Syrup, Sipsmith London Dry Gin, Simple Syrup, Lemon Juice, Variations of the Classic Martini"
Japanese Gin Sour,"Suntory Roku Gin, Lime Juice, Suntory Roku Gin, Lime Juice, Simple Syrup"
Gimlet,"Sipsmith London Dry Gin, Lime Juice, Sipsmith London Dry Gin, Lime Juice, Simple Syrup"
Kentucky Mule,"Maker's Mark Bourbon, Lime Juice, Maker's Mark Bourbon, Lime Juice, Fresh Fruit"
Vesper,"Suntory Haku Vodka, Suntory Roku Gin, Suntory Haku Vodka, Suntory Roku Gin, Lillet Blanc, Lemon Peel"
Sazerac,"Courvoisier VS Cognac, Simple Syrup, Courvoisier VS Cognac, Simple Syrup, Peychaud's Bitters, Absinthe"
Bee's Knees,"Sipsmith London Dry Gin, Honey Syrup, Sipsmith London Dry Gin, Honey Syrup, Lemon Juice, Lemon Twist, Variations of the Classic Martini"
Jim Beam and Ginger Highball,"Jim Beam Original, Fever-Tree Ginger Ale, Jim Beam Original, Fever-Tree Ginger Ale, Lemon Wedge"
Midori Pot of Gold,"Pinnacle Original Vodka, Midori Melon Liqueur, Pinnacle Original Vodka, Midori Melon Liqueur, Lime Juice, Simple Syrup, Cucumber Slices, Basil Leaves, Soda Water"
'Tea' New Fashioned,"Legent Bourbon, Choya Plum Wine, Legent Bourbon, Choya Plum Wine, Campari, Matcha Syrup, Mint"
Smoked Maple Old Fashioned,"Knob Creek Smoked Maple Bourbon, Bitters, Knob Creek Smoked Maple Bourbon, Bitters, Sugar, Cherries"
Kentucky Made,"Maker's Mark Bourbon, Lime Juice, Maker's Mark Bourbon, Lime Juice, Simple Syrup, Fresh Mint Leaves, Cucumber Slices"
Bourbon Renewal,"Maker's Mark Bourbon, Lemon Juice, Maker's Mark Bourbon, Lemon Juice, DeKuyper Crème de Cassis Liqueur, Simple Syrup, Angostura Bitters"
Kentucky Buck,"Maker's Mark Bourbon, Lemon Juice, Maker's Mark Bourbon, Lemon Juice, Strawberries, Angostura Bitters, Ginger Beer"
Ginger Buck,"Basil Hayden's Kentucky Straight Bourbon Whiskey, Lime Juice, Basil Hayden's Kentucky Straight Bourbon Whiskey, Lime Juice, Ginger, Simple Syrup, Candied Ginger, Ice"
Hemingway Daiquiri,"Cruzan Aged Light Rum, Maraschino Liqueur, Cruzan Aged Light Rum, Maraschino Liqueur, Grapefruit Juice, Lime Juice, Lime Wheel"
Sparkling Berry Sangria,"Sparkling Rosé Wine, DeKuyper Razzmatazz Schnapps Liqueur, Sparkling Rosé Wine, DeKuyper Razzmatazz Schnapps Liqueur, Lemon Juice, Cranberry Juice, Simple Syrup, Blueberries"
Tickled Pink,"Pinnacle Original Vodka, DeKuyper Triple Sec Liqueur, Pinnacle Original Vodka, DeKuyper Triple Sec Liqueur, Pomegranate Juice, Lemon Juice, Simple Syrup, Edible Flowers"
The Berry Thought of You,"Pinnacle Original Vodka, DeKuyper Crème de Cassis Liqueur, Pinnacle Original Vodka, DeKuyper Crème de Cassis Liqueur, Simple Syrup, Lemon Juice, Soda Water, Thyme Sprig"
Strawberry Crush,"Hornitos Plata Tequila, DeKuyper Pucker Strawberry Schnapps, Hornitos Plata Tequila, DeKuyper Pucker Strawberry Schnapps, Simple Syrup, Lemon Juice, Strawberries"
Mai Tai,"Cruzan Aged Dark Rum, DeKuyper Triple Sec Liqueur, Cruzan Aged Dark Rum, DeKuyper Triple Sec Liqueur, Lime Juice, Orgeat Syrup, Cruzan Black Strap Rum, Lime Wedge"
Piña Colada,"Cruzan Aged Dark Rum, Pineapple Juice, Cruzan Aged Dark Rum, Pineapple Juice, Cream of Coconut, Cherries, Better With Bitters"
Don Francisco Margarita,"Hornitos Plata Tequila, Orange Juice, Hornitos Plata Tequila, Orange Juice, Lime Juice, Honey Syrup, Salt and Chili Powder (for rim), Edible Marigold"
Hornitos Paloma,"Hornitos Plata Tequila, Fever-Tree Pink Grapefruit, Hornitos Plata Tequila, Fever-Tree Pink Grapefruit, Grapefruit Wedge"
Pinnacle Raspberry Lemonade,"Pinnacle Original Vodka, DeKuyper Razzmatazz Schnapps Liqueur, Pinnacle Original Vodka, DeKuyper Razzmatazz Schnapps Liqueur, Lemonade, Lemon Wheel"
Maker's Mark Paper Plane,"Maker's Mark Bourbon, Aperol Aperitif, Maker's Mark Bourbon, Aperol Aperitif, Amaro Nonino, Lemon Juice, Lemon Peel"
"Maker's Mark
Bourbon Spritz","Maker's Mark Bourbon, Aperol Aperitif, Maker's Mark Bourbon, Aperol Aperitif, Lemon Juice, Simple Syrup, Prosecco, Orange Peel, Simple Garnishes"
Basil Hayden's Golden Hour,"Basil Hayden's Kentucky Straight Bourbon Whiskey, Lillet Blanc, Basil Hayden's Kentucky Straight Bourbon Whiskey, Lillet Blanc, Aperol Aperitif, Grapefruit Peel"
"Cruzan
Spiced Apple Cider","Honey, Honey, Orange Juice, Apple Cider, Allspice"
CV The French Twist,"Courvoisier VSOP Cognac, DeKuyper Triple Sec Liqueur, Courvoisier VSOP Cognac, DeKuyper Triple Sec Liqueur, Simple Syrup, Lemon Juice, Soda Water, Raspberries"
Cruzan Cider Punch,"Cruzan Aged Dark Rum, Apple Cider, Cruzan Aged Dark Rum, Apple Cider, Orange Juice, Spiced syrup*, Apple Slices"
Sipsmith Negroni,"Sipsmith London Dry Gin, Sweet Vermouth, Sipsmith London Dry Gin, Sweet Vermouth, Campari, Orange Peel, Using Fresh Citrus"
CC Ginger Ale,"Canadian Club 1858 Whisky, Fever-Tree Ginger Ale, Canadian Club 1858 Whisky, Fever-Tree Ginger Ale, Lime Wedge"
Bruxo Mezcal Mule,"Bruxo X Mezcal, Fever-Tree Ginger Beer, Bruxo X Mezcal, Fever-Tree Ginger Beer, Lime Wedge"
Maker's Mark Merry Berry Buck,"Maker's Mark Bourbon, Lemon Juice, Maker's Mark Bourbon, Lemon Juice, Cranberry Juice, Fever-Tree Ginger Beer, Cranberries"
Hornitos Ranch Water,"Hornitos Plata Tequila, Fever-Tree Club Soda, Hornitos Plata Tequila, Fever-Tree Club Soda, Lime Juice, Lime Wedge"
Sipsmith Gin and Tonic,"Sipsmith London Dry Gin, Fever-Tree Indian Tonic Water, Sipsmith London Dry Gin, Fever-Tree Indian Tonic Water, Lime Wedge"
Pinnacle Mule,"Pinnacle Original Vodka, Lime Juice, Pinnacle Original Vodka, Lime Juice, Fever-Tree Ginger Beer, Lime Wedge"
Sauza Mexican Paloma,"Sauza Hacienda Silver Tequila, Grapefruit Soda, Sauza Hacienda Silver Tequila, Grapefruit Soda, Lime Juice, Lime Wheel"
SQRRL PB&J Shot,"SQRRL Peanut Butter Whiskey, DeKuyper Razzmatazz Schnapps Liqueur, SQRRL Peanut Butter Whiskey, DeKuyper Razzmatazz Schnapps Liqueur, Better With Bitters"
DeKuyper End of the Rainbow,"Pinnacle Original Vodka, DeKuyper Pucker Sour Apple Schnapps, Pinnacle Original Vodka, DeKuyper Pucker Sour Apple Schnapps, Lime Juice, Simple Syrup, Lime Wheel"
Maker's Mark Hot Apple Cider,"Maker's Mark Bourbon, Apple Cider, Hot, Maker's Mark Bourbon, Apple Cider, Hot, Allspice, Lemon Wheel"
Haku Martini,"Suntory Haku Vodka, Dry Vermouth, Suntory Haku Vodka, Dry Vermouth, Orange Bitters, Umeboshi"
Baker's Midnight Manhattan,"Baker's Bourbon, Averna Amaro, Baker's Bourbon, Averna Amaro, Angostura Bitters, Orange Bitters, Amarena Cherry"
Legent Sea 'New' Fashioned,"Legent Bourbon, Salted Honey Syrup, Legent Bourbon, Salted Honey Syrup, Angostura Bitters, Orange Bitters, Nori Strip, Water, Salt"
EFFEN Blood Orange Crush,"EFFEN Blood Orange Vodka, DeKuyper Triple Sec Liqueur, EFFEN Blood Orange Vodka, DeKuyper Triple Sec Liqueur, Orange, Lemon-Lime Soda, Orange Wedges"
Knob Creek Rye Old Fashioned,"Knob Creek Straight Rye Whiskey, Angostura Bitters, Knob Creek Straight Rye Whiskey, Angostura Bitters, Demerara Syrup*, Lemon Peel"
C.C. & Cola,"Canadian Club 1858 Whisky, Cola, Canadian Club 1858 Whisky, Cola, Lime Wedge"
Tres Gen Paloma,"Tres Generaciones Plata Tequila, Grapefruit Soda, Tres Generaciones Plata Tequila, Grapefruit Soda, Lime Juice, Grapefruit Peel"
Sipsmith Martini,"Sipsmith London Dry Gin, Vermouth, Sipsmith London Dry Gin, Vermouth, Lemon Twist"
Kilbeggan Irish Coffee,"Kilbeggan Single Grain Irish Whiskey, Coffee, Kilbeggan Single Grain Irish Whiskey, Coffee"
Pinnacle Black Widow Martini,"Pinnacle Original Vodka, DeKuyper Razzmatazz Schnapps Liqueur, Pinnacle Original Vodka, DeKuyper Razzmatazz Schnapps Liqueur, DeKuyper Triple Sec Liqueur, Pomegranate Juice, Lemon Juice"
Haku Highball (“Haku-Hi”),"Suntory Haku Vodka, Fever-Tree Club Soda, Suntory Haku Vodka, Fever-Tree Club Soda, Lemon Peel, Shaking & Stirring"
Toki Highball,"Suntory Whisky Toki, Fever-Tree Club Soda, Suntory Whisky Toki, Fever-Tree Club Soda, Grapefruit Peel"
Roku Gin Sonic,"Suntory Roku Gin, Soda Water, Suntory Roku Gin, Soda Water, Tonic Water, Lemon Peel"
Courvoisier Gala,"Courvoisier VS Cognac, Fever-Tree Sparkling Lemon Soda, Courvoisier VS Cognac, Fever-Tree Sparkling Lemon Soda, Lemon Wheel"
SQRRL An Apple A Day,"SQRRL Peanut Butter Whiskey, Apple Cider, SQRRL Peanut Butter Whiskey, Apple Cider, Lemon Juice, Maple Syrup, Cinnamon"
SQRRL Top Banana,"SQRRL Peanut Butter Whiskey, Cruzan Banana Rum, SQRRL Peanut Butter Whiskey, Cruzan Banana Rum, Cream, Toasted Coconut"
Sauza Classic Margarita,"Sauza Silver Tequila, Lime Juice, Sauza Silver Tequila, Lime Juice, DeKuyper Triple Sec Liqueur, Simple Syrup, Lime"
Cruzan Safe Harbor,"Cruzan Aged Dark Rum, Cruzan Black Strap Rum, Cruzan Aged Dark Rum, Cruzan Black Strap Rum, Fever-Tree Ginger Beer, Lime Wedge"
El Tesoro Paloma,"El Tesoro Blanco Tequila, Fever-Tree Pink Grapefruit, El Tesoro Blanco Tequila, Fever-Tree Pink Grapefruit, Lime Wedge, Spice Rim (instead of salt), Grapefruit Wedge"
SQRRL Carajillo,"SQRRL Peanut Butter Whiskey, Hornitos Reposado Tequila, SQRRL Peanut Butter Whiskey, Hornitos Reposado Tequila, Espresso, Coffee Beans"
SQRRL PB Manhattan,"SQRRL Peanut Butter Whiskey, Knob Creek Straight Rye Whiskey, SQRRL Peanut Butter Whiskey, Knob Creek Straight Rye Whiskey, Sweet Vermouth, Angostura Bitters, Maraschino Cherries"
Classic Hornitos Paloma,"Hornitos Plata Tequila, Pink Grapefruit Juice, Hornitos Plata Tequila, Pink Grapefruit Juice, Simple Syrup, Club Soda"
Maker's Mark Gold Rush,"Maker's Mark Bourbon, Honey Syrup, Maker's Mark Bourbon, Honey Syrup, Lemon Juice, Lemon Peel"
Legent Blossom Old Fashioned,"Legent Bourbon, Sweet Vermouth, Legent Bourbon, Sweet Vermouth, Luxardo Maraschino Liqueur, Angostura Bitters, Orange Peel"
"Basil Hayden
Boulevardier","Basil Hayden's Kentucky Straight Bourbon Whiskey, Aperol Aperitif, Basil Hayden's Kentucky Straight Bourbon Whiskey, Aperol Aperitif, Vermouth, Sweet, Orange Peel"
Knob Creek Old Fashioned,"Knob Creek, Simple Syrup, Knob Creek, Simple Syrup, Angostura Bitters, Orange Peel, Secrets of Citrus"
Pinnacle Peppermint Hot Chocolate,"Pinnacle Whipped Vodka, DeKuyper Peppermint Schnapps, Pinnacle Whipped Vodka, DeKuyper Peppermint Schnapps, Swiss Miss Milk Chocolate Hot Cocoa, Cherry, Simple Garnishes"
Cruzan Coquito,"Cruzan Aged Dark Rum, Evaporated Milk, Cruzan Aged Dark Rum, Evaporated Milk, Sweetened Condensed Milk, Cream of Coconut, Cinnamon, Nutmeg, Vanilla Extract, Shredded Coconut"
Cruzan Cranberry Cider Punch,"Cruzan Aged Dark Rum, Apple Cider, Cruzan Aged Dark Rum, Apple Cider, Cranberry Juice, Ginger Ale, Lemon Juice, Apple Slices"
Pinnacle Holly Jolly Punch,"DeKuyper Triple Sec Liqueur, Pinnacle Original Vodka, DeKuyper Triple Sec Liqueur, Pinnacle Original Vodka, Cranberry Juice, Ginger Ale, Frozen orange juice concentrate, Cinnamon Allspice, Nutmeg, Cranberries"
"Hornitos Shot-Taker
Margarita","Hornitos Plata Tequila, Lime Juice, Hornitos Plata Tequila, Lime Juice, Agave Syrup, Lime Wheel"
El Tesoro Tommy's Margarita,"El Tesoro Blanco Tequila, Lime Juice, El Tesoro Blanco Tequila, Lime Juice, Agave Syrup, Spicy Salt"
Half & Half Punch,"Pinnacle Original Vodka, Lemonade, Pinnacle Original Vodka, Lemonade, Iced Tea"
Summer Fish Bowl,"Cruzan Coconut Rum, DeKuyper Blue Curacao Liqueur, Cruzan Coconut Rum, DeKuyper Blue Curacao Liqueur, Pinnacle Original Vodka, Pineapple Juice, Lemon Juice, Lemon Wedge"
Blue Margarita,"Sauza Silver Tequila, DeKuyper Triple Sec Liqueur, Sauza Silver Tequila, DeKuyper Triple Sec Liqueur, DeKuyper Blue Curacao Liqueur, Lime Juice, Salt"
Still Steam,"Kilbeggan Single Grain Irish Whiskey, Lemon Juice, Kilbeggan Single Grain Irish Whiskey, Lemon Juice, Simple Syrup"
The Wheel,"Kilbeggan Single Grain Irish Whiskey, Aperol Aperitif, Kilbeggan Single Grain Irish Whiskey, Aperol Aperitif, Lime Juice, Simple Syrup"
Kilbeggan Brosna Sour,"Kilbeggan Single Grain Irish Whiskey, Lemon Juice, Kilbeggan Single Grain Irish Whiskey, Lemon Juice, Grapefruit Juice, Simple Syrup, Egg White"
Gingerbread Sour,"Sipsmith London Dry Gin, Lemon Juice, Sipsmith London Dry Gin, Lemon Juice, Egg White"
Gin & Tonic,"Sipsmith London Dry Gin, Sipsmith London Dry Gin"
Negroni,"Sipsmith London Dry Gin, Sweet Vermouth, Sipsmith London Dry Gin, Sweet Vermouth"
Sideline Sipper,"Lemonade, Lemonade"
Blue Lagoon,
Home Team Punch,
Red Zone,"Cranberry Juice, Cranberry Juice"
Sour Apple Highball,"Pinnacle Original Vodka, DeKuyper Pucker Sour Apple Schnapps, Pinnacle Original Vodka, DeKuyper Pucker Sour Apple Schnapps, Lemon-Lime Soda"
Yellowhammer,"Cruzan Aged Light Rum, Orange Juice, Cruzan Aged Light Rum, Orange Juice, Pineapple Juice"
Blue Mule,"Pinnacle Original Vodka, Lime Juice, Pinnacle Original Vodka, Lime Juice"
Watermelon Rush,"Cruzan Aged Light Rum, DeKuyper Pucker Watermelon Schnapps, Cruzan Aged Light Rum, DeKuyper Pucker Watermelon Schnapps, Pineapple Juice, Sour Mix"
Black & Gold,"Sour Mix, Sour Mix"
Cubbie Blue,
Orangesicle,Ice
Cranberry Mojito,"Cruzan Aged Light Rum, Fresh Mint Leaves, Cruzan Aged Light Rum, Fresh Mint Leaves, Lime Juice, Soda Water, Cranberries, Lime Wheel"
Blue Flurry,"Pinnacle Original Vodka, DeKuyper Blue Curacao Liqueur, Pinnacle Original Vodka, DeKuyper Blue Curacao Liqueur, Pineapple Juice, Cream of Coconut, Ice, Shredded Coconut"
Bourbon Cider Sour,"Jim Beam, Apple Cider, Jim Beam, Apple Cider, Orange Juice, Simple Syrup, Apple Slices"
Laphroaig Blood Mary Queen of Scots,"Bloody Mary Mix, Laphroaig 10 Year Old Whisky, Bloody Mary Mix, Laphroaig 10 Year Old Whisky, Pepper, Black"
Pumpkin Spice White Russian,"Kamora Coffee Liqueur, Pinnacle Whipped Vodka, Kamora Coffee Liqueur, Pinnacle Whipped Vodka, Pumpkin Spice Flavored Liquid Coffee Creamer, Milk, Pumpkin Puree, Pumpkin Spice"
Au-Kee-Ta,"Auchentoshan American Oak Single Malt Scotch Whisky, Amaro Nonino, Auchentoshan American Oak Single Malt Scotch Whisky, Amaro Nonino, Lemon Juice"
Glasgow Seelbach,"Auchentoshan American Oak Single Malt Scotch Whisky, Angostura Bitters, Auchentoshan American Oak Single Malt Scotch Whisky, Angostura Bitters, Peychaud's Bitters, Champagne, Lemon Twist"
Bobby Burns,"Auchentoshan American Oak Single Malt Scotch Whisky, Sweet Vermouth, Auchentoshan American Oak Single Malt Scotch Whisky, Sweet Vermouth, Orange Peel"
Rob Roy,"Auchentoshan Three Wood Single Malt Scotch Whisky, Sweet Vermouth, Auchentoshan Three Wood Single Malt Scotch Whisky, Sweet Vermouth, Angostura Bitters, Maraschino Cherries, Lemon Peel"
Zombie,"Cruzan Aged Light Rum, Cruzan Aged Dark Rum, Cruzan Aged Light Rum, Cruzan Aged Dark Rum, Cruzan 151 Rum, Apricot Liqueur, Orange Juice, Lime Bitters, Orange Peel, Cherries"
Beer & Loathing,"Auchentoshan Three Wood Single Malt Scotch Whisky, Auchentoshan Three Wood Single Malt Scotch Whisky"
Berry White,"Auchentoshan American Oak Single Malt Scotch Whisky, Lemon Juice, Auchentoshan American Oak Single Malt Scotch Whisky, Lemon Juice, Wheat Beer, Rhubarb Bitters"
Lemon Tell You Somethin’ Honey,"Auchentoshan American Oak Single Malt Scotch Whisky, Honey Syrup, Auchentoshan American Oak Single Malt Scotch Whisky, Honey Syrup, Lemon Juice, Wheat Beer, Lemon Peel"
It’s Bitter to Be Hoppy,"Auchentoshan American Oak Single Malt Scotch Whisky, Aperol Aperitif, Auchentoshan American Oak Single Malt Scotch Whisky, Aperol Aperitif, Grapefruit Juice, Lemon Wheel"
Laphroaig Land and Sea,"Laphroaig Select, Angostura Bitters, Laphroaig Select, Angostura Bitters, Orange Twist, Better With Bitters"
Laphroaig Broadbay Sour,"Laphroaig Select, Lemon Juice, Laphroaig Select, Lemon Juice, Cinnamon Stick, Orange Peel"
Laphroaig Back Yard Collins,"Laphroaig Select, Lemon Juice, Laphroaig Select, Lemon Juice, Orange Juice, Angostura Bitters, Lager, Lemon Wheel"
Prickly Pink Margarita,"Sauza Blue Silver 100% Agave Tequila, DeKuyper Triple Sec Liqueur, Sauza Blue Silver 100% Agave Tequila, DeKuyper Triple Sec Liqueur, Limeade"
Pina Punch,"Sauza Blue Silver 100% Agave Tequila, DeKuyper Blueberry Schnapps Liqueur, Sauza Blue Silver 100% Agave Tequila, DeKuyper Blueberry Schnapps Liqueur, Simple Syrup, Lime Juice, Pineapple Juice"
Sauza Cilantro Jalapeno Margarita,"Sauza Blue Silver 100% Agave Tequila, DeKuyper Triple Sec Liqueur, Sauza Blue Silver 100% Agave Tequila, DeKuyper Triple Sec Liqueur, Lime Juice, Sprig Cilantro"
EFFEN Green Apple Cooler,"EFFEN Green Apple Vodka, Lemonade, EFFEN Green Apple Vodka, Lemonade, Lemon-Lime Soda, Green Apple Slices"
EFFEN Raspberry Lemonade,"EFFEN Raspberry Vodka, Lemonade, EFFEN Raspberry Vodka, Lemonade"
EFFEN Blood Orange Mimosa,"EFFEN Blood Orange Vodka, Orange Juice, EFFEN Blood Orange Vodka, Orange Juice, Wine, Sparkling"
Black Sunset,"Jim Beam Black, Amaro Liqueur, Jim Beam Black, Amaro Liqueur, Aperol Aperitif, Lemon Juice"
Double Oak Whiskey Smash,"Lemon, Lemon, Sugar, Granulated, Mint, Fresh, Ice, Crushed, Easy Ice Tips"
Jim Beam Black Hot Toddy,"Jim Beam Black, Honey, Jim Beam Black, Honey, Lemon Juice, Hot Water, Lemon Peel"
Cucumber Melon Margarita,"Hornitos Plata Tequila, Midori Melon Liqueur, Hornitos Plata Tequila, Midori Melon Liqueur, Lime Juice, Agave Syrup, Cucumber"
Cucumber Cooler,"EFFEN Cucumber Vodka, Midori Melon Liqueur, EFFEN Cucumber Vodka, Midori Melon Liqueur, Lime Juice, Simple Syrup, Cucumber, Simple Garnishes"
Buttershots Old Fashioned,"Jim Beam, DeKuyper Buttershots Schnapps, Jim Beam, DeKuyper Buttershots Schnapps, Angostura Bitters, Maraschino Cherries"
Paloma,"Hornitos Plata Tequila, Pink Grapefruit Juice, Hornitos Plata Tequila, Pink Grapefruit Juice, Simple Syrup, Club Soda"
Melon Berry Mist,"Midori Melon Liqueur, Pinnacle Original Vodka, Midori Melon Liqueur, Pinnacle Original Vodka, Cranberry Juice, Strawberries, Cucumber"
Rye Opener,"Alberta Rye Dark Batch™ Whisky, Amaro Liqueur, Alberta Rye Dark Batch™ Whisky, Amaro Liqueur, Kamora Coffee Liqueur, Simple Syrup, Orange Bitters, Angostura Bitters, Orange Peel"
Rye Squeeze,"Alberta Rye Dark Batch™ Whisky, Ginger Beer, Alberta Rye Dark Batch™ Whisky, Ginger Beer, Angostura Bitters, Orange Wedges, Orange Peel"
Bourbon Milk Punch,"Milk, Half and Half, Milk, Half and Half, Jim Beam Original, Sugar, Powdered, Vanilla Extract, Nutmeg, Cinnamon Stick"
Holiday Wreath,"Jim Beam Rye, DeKuyper Razzmatazz Schnapps Liqueur, Jim Beam Rye, DeKuyper Razzmatazz Schnapps Liqueur, Apple Cider, Lemon Wheel"
Yule Nog,"DeKuyper Buttershots Schnapps, DeKuyper Buttershots Schnapps, Better With Bitters"
Kiss Me Cocktail,"Jim Beam Rye, DeKuyper Strawberry Patch Schnapps Liqueur, Jim Beam Rye, DeKuyper Strawberry Patch Schnapps Liqueur, Passion Fruit Juice, Wine, Sparkling, Lemon Peel, Ice"
Shark's Tooth,"Cruzan Aged Light Rum, Lemon Juice, Cruzan Aged Light Rum, Lemon Juice, Lime Juice, Soda Water, Grenadine, Lime Wedges"
Laphroaig Penicillin,"Auchentoshan American Oak Single Malt Scotch Whisky, Kilbeggan Single Grain Irish Whiskey, Auchentoshan American Oak Single Malt Scotch Whisky, Kilbeggan Single Grain Irish Whiskey, Lemon Juice, Honey-Ginger Syrup*, Laphroaig Select, Candied Ginger"
Vodka Beast,"EFFEN Black Cherry Vodka, Simple Syrup, EFFEN Black Cherry Vodka, Simple Syrup, White Cranberry Juice, Lemon Juice"
Cruzan Mai Tai,"Cruzan Aged Light Rum, DeKuyper Orange Curacao Liqueur, Cruzan Aged Light Rum, DeKuyper Orange Curacao Liqueur, Orgeat Syrup, Simple Syrup, Cruzan Black Strap Rum, Mint Sprig"
Tequila Sunrise,"Sauza Blue Silver 100% Agave Tequila, Lime Juice, Sauza Blue Silver 100% Agave Tequila, Lime Juice, Orange Juice, Cranberry Juice, Orange Wedges, Lemon Wedges, Using Fresh Citrus"
Melon Cooler,"EFFEN Cucumber Vodka, Midori Melon Liqueur, EFFEN Cucumber Vodka, Midori Melon Liqueur, Lime Juice, Simple Syrup, Cucumber, Melon Balls, Lime Wheel"
Derby Fizz,"Jim Beam Rye, DeKuyper Orange Curacao Liqueur, Jim Beam Rye, DeKuyper Orange Curacao Liqueur, Lemon Sour, Club Soda, Orange Wedges"
Pineapple Crush,"Cruzan Pineapple Rum, Lime, Cruzan Pineapple Rum, Lime, Sage Leaves, Soda Water, Pineapple Wedge"
Mango Sunset,"Cruzan Mango Rum, Lemon Sour, Cruzan Mango Rum, Lemon Sour, Mango Puree, Pomegranate Juice, Lime Wheel"
Hot Buttery Barrel,"Batter, Hot Water, Batter, Hot Water, Brown Sugar, Vanilla Extract, Cinnamon, Ground, Nutmeg, Allspice"
Basil Berry Mojito,"Cruzan Aged Light Rum, Cruzan Strawberry Rum, Cruzan Aged Light Rum, Cruzan Strawberry Rum, Lime, Strawberries, Basil Leaves, Soda Water, Pepper, Black"
Black Cherry Avalanche,"Cruzan Black Cherry Rum, DeKuyper Michigan Cherry Schnapps Liqueur, Cruzan Black Cherry Rum, DeKuyper Michigan Cherry Schnapps Liqueur, Lime Wedges, Mint Sprig, Cherries"
Derby Spritzer,"Jim Beam Bonded, Club Soda, Jim Beam Bonded, Club Soda, Mint, Fresh, Sugar, Granulated, Lime Wedges"
Cucumber Watermelon Martini,"EFFEN Cucumber Vodka, DeKuyper Pucker Watermelon Schnapps, EFFEN Cucumber Vodka, DeKuyper Pucker Watermelon Schnapps, Lemonade, Lemon Peel"
Sex On The Beach,"DeKuyper Peachtree Schnapps Liqueur, Pinnacle Original Vodka, DeKuyper Peachtree Schnapps Liqueur, Pinnacle Original Vodka, Cranberry Juice, Pineapple Juice"
Blue Lagoon Sangria,"White Wine, DeKuyper Blue Curacao Liqueur, White Wine, DeKuyper Blue Curacao Liqueur, Lemonade, Agave Nectar, Orange Juice, Lemon-Lime Soda, Oranges, Cherries, Star Fruit, Simple Garnishes"
Banana ‘Nana Daiquiri,"Cruzan Aged Dark Rum, DeKuyper Creme de Banana Liqueur, Cruzan Aged Dark Rum, DeKuyper Creme de Banana Liqueur, Pineapple Juice, Banana, Sugar"
Sparkling Cherry Sangria,"White Wine, DeKuyper Triple Sec Liqueur, White Wine, DeKuyper Triple Sec Liqueur, Soda Water, Peaches, Oranges, Lemons, Limes, Cherries, Mint Sprig, Sugar"
Citrus-Spangled Spritzer,"Pinnacle Citrus Vodka, DeKuyper Blue Curacao Liqueur, Pinnacle Citrus Vodka, DeKuyper Blue Curacao Liqueur, Lemon Soda, Grenadine, Lemon, Blueberries, Mint Sprig"
Everblooming Fizz,"Pinnacle Original Vodka, JDK & Sons™ Fleur Elderflower Liqueur, Pinnacle Original Vodka, JDK & Sons™ Fleur Elderflower Liqueur, Agave Nectar, Lime Juice, Ginger Beer, Sprig Cilantro, Cucumber"
Blue Stallion Julep,"Maker's Mark Bourbon, DeKuyper Blueberry Schnapps Liqueur, Maker's Mark Bourbon, DeKuyper Blueberry Schnapps Liqueur, Simple Syrup, Blueberries, Mint Sprig"
Spicy Cucumber Margarita,"Hornitos Plata Tequila, DeKuyper Triple Sec Liqueur, Hornitos Plata Tequila, DeKuyper Triple Sec Liqueur, Lemon Juice, Lime Juice, Cucumber, Jalapeno"
DeKuyper Mintini,"Pinnacle Original Vodka, DeKuyper Blue Curacao Liqueur, Pinnacle Original Vodka, DeKuyper Blue Curacao Liqueur, DeKuyper Creme de Menthe Green Liqueur, Half and Half, Mint Sprig"
Berry Moscow Mule,"Pinnacle Original Vodka, DeKuyper Razzmatazz Schnapps Liqueur, Pinnacle Original Vodka, DeKuyper Razzmatazz Schnapps Liqueur, Ginger Beer, Raspberries, Lime, Basil Leaves, Using Fresh Citrus"
Juicy Screw,"Pinnacle Original Vodka, DeKuyper Pucker Watermelon Schnapps, Pinnacle Original Vodka, DeKuyper Pucker Watermelon Schnapps, Orange Juice, Soda Water"
Berry Good Shandy,"Pale Ale Beer, DeKuyper Razzmatazz Schnapps Liqueur, Pale Ale Beer, DeKuyper Razzmatazz Schnapps Liqueur, Lemonade, Mixed Berries, Mint Sprig"
David Beams 1838 Cocktail,"Jim Beam Rye, Lime, Jim Beam Rye, Lime, Pineapple Juice, Velvet Falernum Liqueur, Yellow Chartreuse Liqueur, Sugar Cane, Pineapple Parrot"
Courvoisier Classic,"Courvoisier VS Cognac, Sugar Cubes, Courvoisier VS Cognac, Sugar Cubes, Peychaud's Bitters, Absinthe, Lemon Peel"
Tropical Spice,"Calico Jack Spiced Rum, Cruzan Coconut Rum, Calico Jack Spiced Rum, Cruzan Coconut Rum, Pineapple Juice, Cranberry Juice, Maraschino Cherries, Simple Garnishes"
Cognac Summit,"Courvoisier VSOP Cognac, Lime peel, Courvoisier VSOP Cognac, Lime peel, Ginger, Lemon-Lime Soda, Cucumber peel"
Classic Mojito,"Cruzan Aged Light Rum, Simple Syrup, Cruzan Aged Light Rum, Simple Syrup, Lime Wedges, Fresh Mint Leaves, Soda Water"
Shining Light Spice,"Basil Hayden's Kentucky Straight Bourbon Whiskey, Lemon Juice, Basil Hayden's Kentucky Straight Bourbon Whiskey, Lemon Juice, Grapefruit Juice, Lemon Wedges"
Louisville Skyline,"Basil Hayden's Kentucky Straight Bourbon Whiskey, Orange Twist, Basil Hayden's Kentucky Straight Bourbon Whiskey, Orange Twist"
Basil Hayden’s Classic Manhattan,"Basil Hayden's Kentucky Straight Bourbon Whiskey, Angostura Bitters, Basil Hayden's Kentucky Straight Bourbon Whiskey, Angostura Bitters, Cherries"
Spiced Cherry Sipper,"Basil Hayden's Kentucky Straight Bourbon Whiskey, Nutmeg, Basil Hayden's Kentucky Straight Bourbon Whiskey, Nutmeg, Maraschino Cherries"
Spiced Cocoa,"Basil Hayden's Kentucky Straight Bourbon Whiskey, Cocoa Powder, Basil Hayden's Kentucky Straight Bourbon Whiskey, Cocoa Powder, Sugar, Salt, Cayenne Pepper"
Minted Joe,"Basil Hayden's Kentucky Straight Bourbon Whiskey, Espresso, Basil Hayden's Kentucky Straight Bourbon Whiskey, Espresso, Angostura Bitters, Fresh Mint Leaves"
Spiced Christmas Punch,"Basil Hayden's Kentucky Straight Bourbon Whiskey, Vermouth, Sweet, Basil Hayden's Kentucky Straight Bourbon Whiskey, Vermouth, Sweet, Black Tea, Apple Cider, Lemon Juice, Simple Syrup, Angostura Bitters, Club Soda, Cinnamon Stick, Apple Slices, Nutmeg"
Independence Spice,"Basil Hayden's Kentucky Straight Bourbon Whiskey, Lemon Juice, Basil Hayden's Kentucky Straight Bourbon Whiskey, Lemon Juice, Simple Syrup, Blackberries, Fresh Mint Leaves, Wine, Sparkling"
Pumpkin Bourbon Cider,"Basil Hayden's Kentucky Straight Bourbon Whiskey, Lemon Juice, Basil Hayden's Kentucky Straight Bourbon Whiskey, Lemon Juice, Vermouth, Sweet, Sugar, Pumpkin Puree, Angostura Bitters, Hard Cider, Dry, Nutmeg, Cinnamon Stick"
Dad’s Bourbon Mary,"Basil Hayden's Kentucky Straight Bourbon Whiskey, Bloody Mary Mix, Basil Hayden's Kentucky Straight Bourbon Whiskey, Bloody Mary Mix, Lemon Juice, Tabasco Hot Sauce, Pepper, Black, Basil Leaves, Lemon Wedges"
Guava Spice,"Basil Hayden's Kentucky Straight Bourbon Whiskey, Lime Juice, Basil Hayden's Kentucky Straight Bourbon Whiskey, Lime Juice, Maraschino Liqueur, Mint Sprig, Lime Wedges"
Dry Rye Manhattan,"Canadian Club 100% Rye, Angostura Bitters, Canadian Club 100% Rye, Angostura Bitters, Simple Syrup, Lemon Peel, Fresh Ingredient Enhancements"
C.C. & Ginger,"Canadian Club 1858 Whisky, Ginger Ale, Canadian Club 1858 Whisky, Ginger Ale, Lime Wedges"
Tree Trimmer,"Jim Beam Original, DeKuyper Amaretto Liqueur, Jim Beam Original, DeKuyper Amaretto Liqueur"
Beam & Hops,"Jim Beam Original, JDK & Sons™ Fleur Elderflower Liqueur, Jim Beam Original, JDK & Sons™ Fleur Elderflower Liqueur, Sour Mix, Basil Leaves, Lemon Wheel, Embracing Herbs and Spices"
Limonlicious,"Pinnacle Citrus Vodka, Lemonade, Pinnacle Citrus Vodka, Lemonade, Lime, Lemon Wedges"
"Jim Beam Black
Manhattan","Angostura Bitters, Jim Beam Black, Angostura Bitters, Jim Beam Black, Vermouth, Sweet, Cherries"
Paris Dream,"Pinnacle Original Vodka, Cranberry Juice, Pinnacle Original Vodka, Cranberry Juice"
Flirty Fizz,"Pinnacle Original Vodka, Cranberry Juice, Pinnacle Original Vodka, Cranberry Juice, Club Soda, Cranberries"
Citrus Fizz,"Pinnacle Citrus Vodka, Club Soda, Pinnacle Citrus Vodka, Club Soda, Raspberries, Lemon Wheel"
Pool Party Punch,"Pinnacle Original Vodka, Lemonade, Pinnacle Original Vodka, Lemonade, DeKuyper Blue Curacao Liqueur, Lemon Wedges"
Amaretto Sour,"Jim Beam Original, DeKuyper Amaretto Liqueur, Jim Beam Original, DeKuyper Amaretto Liqueur, Lemon-Lime Soda, Lemon Juice, Sugar, Lemon Wheel, Maraschino Cherries, Simple Garnishes"
Samba Margarita,"Hornitos Plata Tequila, Agave Nectar, Hornitos Plata Tequila, Agave Nectar, DeKuyper Triple Sec Liqueur, Lime Juice"
Vodka Lemonade,"Pinnacle Original Vodka, Lemonade, Pinnacle Original Vodka, Lemonade, Lemon Wheel"
El Bombin,"Sauza 901 Tequila, Grapefruit Juice, Sauza 901 Tequila, Grapefruit Juice, Honey Syrup, Orange Wheel"
Zarza,"Sauza 901 Tequila, Simple Syrup, Sauza 901 Tequila, Simple Syrup, Lemon Juice, Blackberries, DeKuyper Crème de Cassis Liqueur"
Peach Old Fashioned,"DeKuyper Peachtree Schnapps Liqueur, DeKuyper Peachtree Schnapps Liqueur, Orange, Cherries, Bitters"
Game Day Peach Sour,"Maker's Mark Bourbon, DeKuyper Peachtree Schnapps Liqueur, Maker's Mark Bourbon, DeKuyper Peachtree Schnapps Liqueur, Sour Mix"
Crisp Apple Ade,"Jim Beam Apple, Lemonade, Jim Beam Apple, Lemonade, Lemon Wedges"
Orchard Twist,"Jim Beam Apple, Cranberry Juice, Jim Beam Apple, Cranberry Juice, Club Soda, Lime Wedges"
Jim Beam Apple Highball,"Jim Beam Apple, Club Soda, Jim Beam Apple, Club Soda, Lemon Wedges"
Black Mule,"Ginger Beer, Ginger Beer, Bitters, Lime Wedges"
Passion Car,"Courvoisier VS Cognac, DeKuyper Triple Sec Liqueur, Courvoisier VS Cognac, DeKuyper Triple Sec Liqueur, Lemon Sour, Passion Fruit Juice"
Rye in Paradise,"Alberta Rye Dark Batch™ Whisky, Cruzan Coconut Rum, Alberta Rye Dark Batch™ Whisky, Cruzan Coconut Rum, Pineapple Juice, Nutmeg"
The Contemporary,"Sauza 901 Tequila, Agave Nectar, Sauza 901 Tequila, Agave Nectar, Orange Bitters, Orange Peel"
First Class,"Sauza 901 Tequila, DeKuyper Blue Curacao Liqueur, Sauza 901 Tequila, DeKuyper Blue Curacao Liqueur, Lemon Juice, Agave Nectar, Orange Bitters"
Tequiliano,"Sauza 901 Tequila, Campari, Sauza 901 Tequila, Campari, Vermouth, Sweet, Agave Syrup"
Courvoisier Old Fashioned,"Sugar, Orange Zest, Sugar, Orange Zest, Bitters"
Blazer,"Courvoisier VSOP Cognac, DeKuyper Triple Sec Liqueur, Courvoisier VSOP Cognac, DeKuyper Triple Sec Liqueur, Coffee, Orange Zest, Bitters"
Sparkling Cognac,"Courvoisier VSOP Cognac, Champagne, Courvoisier VSOP Cognac, Champagne, Sugar Cubes"
Chili Chocolate Orange,"Courvoisier VSOP Cognac, DeKuyper Creme De Cacao Dark Liqueur, Courvoisier VSOP Cognac, DeKuyper Creme De Cacao Dark Liqueur, Orange Juice, Orange Bitters"
Crusta,"Courvoisier VSOP Cognac, DeKuyper Cherry Brandy, Courvoisier VSOP Cognac, DeKuyper Cherry Brandy, Lemon Juice, Bitters, Simple Syrup"
Courvoisier Sidecar,"Courvoisier VSOP Cognac, Lemon Juice, Courvoisier VSOP Cognac, Lemon Juice, Simple Syrup, Lemon Twist"
Apri Diem,"Basil Hayden's Kentucky Straight Bourbon Whiskey, Apricot Jam, Basil Hayden's Kentucky Straight Bourbon Whiskey, Apricot Jam, Ginger, Sliced, Lemon Juice, Orange Bitters, Variations of the Classic Martini"
A Warm Welcome,"Basil Hayden's Kentucky Straight Bourbon Whiskey, Egg White, Basil Hayden's Kentucky Straight Bourbon Whiskey, Egg White, Lime Juice, Simple Syrup, Nutmeg"
Harbor Punch,"Basil Hayden's Kentucky Straight Bourbon Whiskey, Iced Tea, Basil Hayden's Kentucky Straight Bourbon Whiskey, Iced Tea, Lemon Juice, Honey Syrup, Easy Ice Tips"
Stars & Stripes Spiced Ice,"Basil Hayden's Kentucky Straight Bourbon Whiskey, Simple Syrup, Basil Hayden's Kentucky Straight Bourbon Whiskey, Simple Syrup, Lemon, Vanilla Bean, Scraped, Seeds Only, Basil Leaves, Basil"
Honey Toddy,"Jim Beam Honey, Lemonade, Jim Beam Honey, Lemonade, Lemon Wedges, Soda Water, Whole Cloves, Cinnamon Stick, Shaking & Stirring"
Fireside Coco,"Jim Beam Kentucky Fire™, Hot Chocolate, Jim Beam Kentucky Fire™, Hot Chocolate, Marshmallows, Cinnamon Stick"
Fire Apple,"Jim Beam Kentucky Fire™, DeKuyper Red Apple Schnapps Liqueur, Jim Beam Kentucky Fire™, DeKuyper Red Apple Schnapps Liqueur"
Fire Drop,"Jim Beam Kentucky Fire™, DeKuyper Triple Sec Liqueur, Jim Beam Kentucky Fire™, DeKuyper Triple Sec Liqueur, Lemon Sour, Sugar"
Red Stag Half & Half,"Jim Beam, Iced Tea, Jim Beam, Iced Tea, Lemonade, Cherry"
Bloody Beam,"Jim Beam Original, Basil Leaves, Jim Beam Original, Basil Leaves, Simple Syrup, Worcestershire sauce, Lemon Wedges"
Beam Ade,"DeKuyper Triple Sec Liqueur, Jim Beam Original, DeKuyper Triple Sec Liqueur, Jim Beam Original, Lemonade, Lemon Wedges, Shaking & Stirring"
Jim Beam Manhattan,"Jim Beam Original, Vermouth, Sweet, Jim Beam Original, Vermouth, Sweet, Bitters, Lemon Peel, Maraschino Cherries"
Kentucky Sweet Tea,"DeKuyper Peachtree Schnapps Liqueur, Jim Beam Original, DeKuyper Peachtree Schnapps Liqueur, Jim Beam Original, Lemon Wedges"
Kentucky Sunrise,"Grenadine, Jim Beam Original, Grenadine, Jim Beam Original, Orange Juice, Maraschino Cherries, Orange Slice"
Cranberry Cooler,"Cranberry Juice, DeKuyper Triple Sec Liqueur, Cranberry Juice, DeKuyper Triple Sec Liqueur, Jim Beam Original, Lemon Sour, Lemon Wedges"
DeKuyper Fuzzy Beam,"DeKuyper Peachtree Schnapps Liqueur, Jim Beam Original, DeKuyper Peachtree Schnapps Liqueur, Jim Beam Original, Orange Juice, Maraschino Cherries, Simple Garnishes"
Bourbon Sour,"Jim Beam Original, Lemon Juice, Jim Beam Original, Lemon Juice, Lemon-Lime Soda, Sugar, Lemon Wheel, Maraschino Cherries"
Old '97,"Jim Beam Bonded, Simple Syrup, Jim Beam Bonded, Simple Syrup, Maraschino Liqueur, Bitters, Orange Peel"
Dernier Cri,"Jim Beam Bonded, Sour Mix, Jim Beam Bonded, Sour Mix, Green Chartreuse Liqueur, Mint, Fresh, Mint Sprig"
Jim Beam Orleans,"Jim Beam Rye, Bitters, Jim Beam Rye, Bitters, Simple Syrup, Absinthe, Lime Twist"
The Devil & Miss Mary,"Jim Beam Devil's Cut, Tomato Juice, Jim Beam Devil's Cut, Tomato Juice, Worcestershire sauce, Tabasco Hot Sauce, Pepper, Black, Basil Leaves, Lemon Wedges"
The Rider,"Jim Beam Devil's Cut, Jim Beam Honey, Jim Beam Devil's Cut, Jim Beam Honey, Orange Juice, Sugar Cubes"
Devil in the Morning,"Grenadine, JDK & Sons™ O3 Premium Orange Liqueur, Grenadine, JDK & Sons™ O3 Premium Orange Liqueur, Jim Beam Devil's Cut, Orange Juice, Maraschino Cherries, Orange Wheel, Variations of the Classic Martini"
Dancing with the Devil,"DeKuyper Triple Sec Liqueur, Jim Beam Devil's Cut, DeKuyper Triple Sec Liqueur, Jim Beam Devil's Cut, Lemon Sour, Passion Fruit Juice, Tabasco Hot Sauce, Maraschino Cherries"
Jimmy's Best,"Jim Beam Black, Orange Bitters, Jim Beam Black, Orange Bitters, Plum Bitters, Orange Twist"
Black Beauty,"DeKuyper Peachtree Schnapps Liqueur, Jim Beam Black, DeKuyper Peachtree Schnapps Liqueur, Jim Beam Black, Cranberry Juice, Ice, Sugar"
Front Porch Peach Tea,"DeKuyper Peachtree Schnapps Liqueur, Iced Tea, DeKuyper Peachtree Schnapps Liqueur, Iced Tea, Jim Beam Black, Lemon Wedges"
Apple Highball,"Bitters, Ginger Ale, Bitters, Ginger Ale, Apple Cider, Hard, Jim Beam Black, Lemon Wheel, Embracing Herbs and Spices"
Melon Ball,"Midori Melon Liqueur, Pinnacle Original Vodka, Midori Melon Liqueur, Pinnacle Original Vodka, Orange Juice, Melon Balls"
Cruzan Daiquiri,"Cruzan Aged Light Rum, Lime Juice, Cruzan Aged Light Rum, Lime Juice, Simple Syrup"
Hurricane,"Cruzan Aged Light Rum, DeKuyper Triple Sec Liqueur, Cruzan Aged Light Rum, DeKuyper Triple Sec Liqueur, Pineapple Juice, Grenadine, Orange Wedges, Maraschino Cherries"
Jalapeño Margarita,"Hornitos Plata Tequila, JDK & Sons™ O3 Premium Orange Liqueur, Hornitos Plata Tequila, JDK & Sons™ O3 Premium Orange Liqueur, Lime Juice, Jalapeno, Orange Bitters, Agave Nectar"
Cucumber Martini,"EFFEN Cucumber Vodka, EFFEN Cucumber Vodka"
Cuba Libre,"Cruzan Aged Light Rum, Lime Juice, Cruzan Aged Light Rum, Lime Juice, Cola, Lime Wedges"
Rum Runner,"Cruzan Coconut Rum, DeKuyper Blackberry Brandy, Cruzan Coconut Rum, DeKuyper Blackberry Brandy, Pineapple Juice, Orange Juice, Grenadine, Pineapple Wedge"
Vodka Collins,"Pinnacle Original Vodka, Sour Mix, Pinnacle Original Vodka, Sour Mix, Soda Water, Lemon Wedges, Better With Bitters"
Mango Rum Margarita,"Cruzan Mango Rum, DeKuyper Triple Sec Liqueur, Cruzan Mango Rum, DeKuyper Triple Sec Liqueur, Lime Juice, Mango"
Vodka Gimlet,"Pinnacle Original Vodka, Lime Juice, Pinnacle Original Vodka, Lime Juice, Simple Syrup, Lime Wedges"
Black Russian,"Pinnacle Original Vodka, Kamora Coffee Liqueur, Pinnacle Original Vodka, Kamora Coffee Liqueur"
Strawberry Daiquiri,"Cruzan Aged Light Rum, DeKuyper Triple Sec Liqueur, Cruzan Aged Light Rum, DeKuyper Triple Sec Liqueur, Strawberries, Lime Juice, Ice"
Mudslide,"Pinnacle Original Vodka, Kamora Coffee Liqueur, Pinnacle Original Vodka, Kamora Coffee Liqueur, DeKuyper Creme De Cacao Dark Liqueur, Milk, Ice, Chocolate Syrup"
Moscow Mule,"Pinnacle Original Vodka, Lime Juice, Pinnacle Original Vodka, Lime Juice, Ginger Beer, Lime Wedges"
Midori and Ginger Beer,"Midori Melon Liqueur, Ginger Beer, Midori Melon Liqueur, Ginger Beer"
Green Eyed Ginger,"2 GINGERS Whiskey, Midori Melon Liqueur, 2 GINGERS Whiskey, Midori Melon Liqueur, Ginger Ale, Lemon Wheel, Lime Wheel"
Emerald Daiquiri,"Midori Melon Liqueur, Cruzan Aged Light Rum, Midori Melon Liqueur, Cruzan Aged Light Rum, Lime, Melon Wedge"
Midori Jim and Ginger,"Jim Beam Original, Mint, Fresh, Jim Beam Original, Mint, Fresh, Midori Melon Liqueur, Ginger Beer, Fresh Mint Leaves"
Garden Delight,"Midori Melon Liqueur, Gin, Midori Melon Liqueur, Gin, Tonic Water, Cucumber, Rosemary Sprigs"
Bourbon Cider Cocktail,"Maker's Mark Bourbon, Sugar, Maker's Mark Bourbon, Sugar, Bitters, Hard Cider, Dry, Maraschino Cherries"
Kentucky Bubbly,"Maker's Mark Bourbon, Apple Cider, Chilled Sparkling, Maker's Mark Bourbon, Apple Cider, Chilled Sparkling, Maraschino Cherries"
Bourbon Bonn Bonn,"Maker's Mark Bourbon, DeKuyper Creme De Cacao Dark Liqueur, Maker's Mark Bourbon, DeKuyper Creme De Cacao Dark Liqueur, Half and Half"
Bourbon Butter Pecan Milkshake,"Maker's Mark Bourbon, Butter Pecan Ice Cream, Maker's Mark Bourbon, Butter Pecan Ice Cream, Milk, Toasted Pecans, Vanilla Bean, Scraped, Seeds Only, Maple Syrup"
Maker's Mark Eggnog,"Maker's Mark Bourbon, Milk, Maker's Mark Bourbon, Milk, Heavy Cream, Eggs, Sugar, Nutmeg"
Maker's (Non-Egg) Nog,"Maker's Mark Bourbon, Simple Syrup, Maker's Mark Bourbon, Simple Syrup, Half and Half, Nutmeg"
Snow Cap,"Maker's Mark Bourbon, Sugar, Powdered, Maker's Mark Bourbon, Sugar, Powdered, Heavy Cream, JDK & Sons™ O3 Premium Orange Liqueur, Nutmeg, Orange Twist"
Apples and Bourbon,"Maker's Mark Bourbon, Aperol Aperitif, Maker's Mark Bourbon, Aperol Aperitif, Lemon Juice, Thyme Honey, Maple Bitters, Apples, Thyme Sprig, Easy Ice Tips"
Apricot Sage Bourbon Cocktail,"Maker's Mark Bourbon, Lemon Juice, Maker's Mark Bourbon, Lemon Juice, Apricot Jam, Sage Leaves, Soda Water"
Bourbon Tarragon Cooler,"Maker's Mark Bourbon, Lime Juice, Maker's Mark Bourbon, Lime Juice, Agave Syrup, Salt, Ice, Tarragon"
Fancy Bourbon Punch,"Maker's Mark Bourbon, Sugar, Granulated, Maker's Mark Bourbon, Sugar, Granulated, Lemon, Orange, Tea, Champagne, Nutmeg"
La Mela,"Maker's Mark Bourbon, St Elizabeth Allspice Dram, Maker's Mark Bourbon, St Elizabeth Allspice Dram, DeKuyper Amaretto Liqueur, Rosemary Apple Cider, Rosemary Cider Maple Syrup Mix, Rosemary Sprigs"
Summer Mash Up,"Maker's Mark Bourbon, DeKuyper Triple Sec Liqueur, Maker's Mark Bourbon, DeKuyper Triple Sec Liqueur, Orange Juice, Pineapple Juice, Grenadine, Pineapple Wedge, Maraschino Cherries"
Old Fashioned,"Maker's Mark Bourbon, Water, Maker's Mark Bourbon, Water, Bitters, Sugar, Cherry, Variations of the Classic Martini"
The Chee Chee,"Maker's Mark Bourbon, Blood Orange, Slice, Maker's Mark Bourbon, Blood Orange, Slice, Amarena Cherry, Marsala, Dry, Averna Amaro"
The Fiscal Agent,"Maker's Mark Bourbon, Green Chartreuse Liqueur, Maker's Mark Bourbon, Green Chartreuse Liqueur, Maraschino Liqueur, Orange Zest And Orange Peel, Burnt"
The Unnecessary Noise,"Maker's Mark Bourbon, Aperol Aperitif, Maker's Mark Bourbon, Aperol Aperitif, Absinthe, Rhubarb Bitters, Orange Zest"
Kentucky Coffee,"Maker's Mark Bourbon, Irish Cream, Maker's Mark Bourbon, Irish Cream, DeKuyper Hazelnut Schnapps Liqueur, Hot Coffee, Whipped Cream"
Yuzu Toddy,"Maker's Mark Bourbon, Yuzu Honey, Maker's Mark Bourbon, Yuzu Honey, Yuzu Juice, Hot Water, Easy Ice Tips"
Bourbon Ball,"Maker's Mark Bourbon, DeKuyper Creme de Cocoa White Liqueur, Maker's Mark Bourbon, DeKuyper Creme de Cocoa White Liqueur, DeKuyper Hazelnut Schnapps Liqueur, Heavy Cream, Whipped Cream"
Citrus Basil Manhattan,"Maker's Mark Bourbon, Lemon Juice, Maker's Mark Bourbon, Lemon Juice, Simple Syrup, Basil Leaves, Bitters, Lemon Twist"
Dram Sour,"Maker's Mark Bourbon, Lemon Juice, Maker's Mark Bourbon, Lemon Juice, Bitters, Egg Whites, Powdered, Lemon Peel"
Le Provocateur,"Maker's Mark Bourbon, DeKuyper Peachtree Schnapps Liqueur, Maker's Mark Bourbon, DeKuyper Peachtree Schnapps Liqueur, Lime Juice, Bitters, Pear, Sliced"
Maker's Mark Manhattan,"Maker's Mark Bourbon, Vermouth, Sweet, Maker's Mark Bourbon, Vermouth, Sweet, Cherry Juice, Maraschino, Maraschino Cherries, Ice"
Man O' War,"Maker's Mark Bourbon, DeKuyper Orange Curacao Liqueur, Maker's Mark Bourbon, DeKuyper Orange Curacao Liqueur, Vermouth, Sweet, Orange Juice, Maraschino Cherries"
Oh Henry,"Maker's Mark Bourbon, Ginger Ale, Maker's Mark Bourbon, Ginger Ale, Lemon Rind"
The Samuels,"Maker's Mark Bourbon, DeKuyper Amaretto Liqueur, Maker's Mark Bourbon, DeKuyper Amaretto Liqueur, Cranberry Juice, Lemon Juice, Orange Zest, Flamed Oils, Fresh Ingredient Enhancements"
After Midnight in Kentucky,"Maker's Mark Bourbon, Blackberries, Maker's Mark Bourbon, Blackberries, DeKuyper Razzmatazz Schnapps Liqueur, Ginger Ale, Secrets of Citrus"
"Maker's Mark  
  Mint Julep","Maker's Mark Bourbon, Simple Syrup, Maker's Mark Bourbon, Simple Syrup, Fresh Mint Leaves"
Maker's Mark Mojito,"Maker's Mark Bourbon, Lime Juice, Maker's Mark Bourbon, Lime Juice, Sugar, Fresh Mint Leaves, DeKuyper Triple Sec Liqueur, Lime Wedges"
Spaghetti Western,"Maker's Mark Bourbon, Campari, Maker's Mark Bourbon, Campari, Lemon Juice, Simple Syrup, Salt, Tecate Beer, Cherry Tomatoes, Sweet, Lemon Peel"
Strawberry Julep,"Maker's Mark Bourbon, Strawberries, Maker's Mark Bourbon, Strawberries, Simple Syrup, Mint, Fresh, Lemon Juice, Strawberries, Ice"
Whisky Smash,"Maker's Mark Bourbon, Mint, Fresh, Maker's Mark Bourbon, Mint, Fresh, Lemon, Simple Syrup, Mint, Fresh, Lemon Wheel"
Bellini Manhattan,"Maker's Mark Bourbon, Peach Puree, Maker's Mark Bourbon, Peach Puree, Vermouth, Sweet, Orange Bitters, Brut Champagne, Cherries"
Peach Lemonade Spritzer,"DeKuyper Peachtree Schnapps, Lemonade, DeKuyper Peachtree Schnapps, Lemonade, Soda Water, Lemon Twist"
Fuzzy Beam,"DeKuyper Peachtree Schnapps Liqueur, Jim Beam Original, DeKuyper Peachtree Schnapps Liqueur, Jim Beam Original, Orange Juice, Lemon"
Jim Beam Lemonade,"Jim Beam Original, Lemonade, Jim Beam Original, Lemonade"
Midori Orange and Sparkling,"Midori Melon Liqueur, Orange Juice, Midori Melon Liqueur, Orange Juice, Wine, Sparkling, Orange Peel, Better With Bitters"
Blue Hawaii,"DeKuyper Blue Curacao Liqueur, Pinnacle Original Vodka, DeKuyper Blue Curacao Liqueur, Pinnacle Original Vodka, Pineapple Juice, Sour Mix, Pineapple Wedge"
Home Team Mojito,"DeKuyper Pucker Sour Apple Schnapps, Cruzan Aged Light Rum, DeKuyper Pucker Sour Apple Schnapps, Cruzan Aged Light Rum, Simple Syrup, Lime Juice, Soda Water, Mint, Fresh, Carbonated Water"
Apple Cider Float,"DeKuyper Pucker Sour Apple Schnapps, Jim Beam Original, DeKuyper Pucker Sour Apple Schnapps, Jim Beam Original, Apple Cider, Cinnamon, Ground, Vanilla Ice Cream, Cinnamon Stick"
Christmas Mint Kiss,"DeKuyper Peppermint Schnapps, Hot Chocolate, DeKuyper Peppermint Schnapps, Hot Chocolate, Whipped Cream"
Purple Haze Martini,"DeKuyper Pucker Grape Schnapps, Pinnacle Original Vodka, DeKuyper Pucker Grape Schnapps, Pinnacle Original Vodka, Sour Mix, Lemon-Lime Soda, Grenadine"
Sauza Peach Margarita,"DeKuyper Peachtree Schnapps Liqueur, DeKuyper Triple Sec Liqueur, DeKuyper Peachtree Schnapps Liqueur, DeKuyper Triple Sec Liqueur, Sauza Silver Tequila, Sour Mix"
New England Apple Pie,"DeKuyper Hot Damn! Cinnamon Schnapps Liqueur, DeKuyper Mixologist Collection Ginger Liqueur, DeKuyper Hot Damn! Cinnamon Schnapps Liqueur, DeKuyper Mixologist Collection Ginger Liqueur, Pinnacle Vanilla Vodka"
Candy Apple,"DeKuyper Pucker Sour Apple Schnapps, DeKuyper Peachtree Schnapps Liqueur, DeKuyper Pucker Sour Apple Schnapps, DeKuyper Peachtree Schnapps Liqueur, Cranberry Juice, Orange Wheel"
Sugar Pop Martini,"Pinnacle Original Vodka, DeKuyper Razzmatazz Schnapps Liqueur, Pinnacle Original Vodka, DeKuyper Razzmatazz Schnapps Liqueur, Lemon Juice, Simple Syrup, Carbonated Candy"
Downward Facing Daiquiri,"DeKuyper Pucker Watermelon Schnapps, Cruzan Aged Dark Rum, DeKuyper Pucker Watermelon Schnapps, Cruzan Aged Dark Rum, Lemon-Lime Soda, Watermelon Wedge, Mint Sprig, Sour Mix"
Watermelon Pucker,"DeKuyper Pucker Watermelon Schnapps, DeKuyper Pucker Sour Apple Schnapps, DeKuyper Pucker Watermelon Schnapps, DeKuyper Pucker Sour Apple Schnapps, Secrets of Citrus"
DeKuyper Banana Split,"DeKuyper Creme de Banana Liqueur, DeKuyper Pucker Cherry Schnapps, DeKuyper Creme de Banana Liqueur, DeKuyper Pucker Cherry Schnapps, Whipped Cream, Cherries"
Boozy Pumpkin Milkshake,"DeKuyper Amaretto Liqueur, Jim Beam Original, DeKuyper Amaretto Liqueur, Jim Beam Original, Pumpkin Puree, Ice Cream, Vanilla Extract"
Classic Manhattan,"Jim Beam Original, JDK & Sons™ O3 Premium Orange Liqueur, Jim Beam Original, JDK & Sons™ O3 Premium Orange Liqueur, DeKuyper Pucker Cherry Schnapps, Bitters"
Peach Sangria,"DeKuyper Peachtree Schnapps Liqueur, White Wine, DeKuyper Peachtree Schnapps Liqueur, White Wine, Oranges, Limes, Peaches, Soda Water"
Mintini Martini,"DeKuyper Creme de Menthe Green Liqueur, DeKuyper Creme de Cocoa White Liqueur, DeKuyper Creme de Menthe Green Liqueur, DeKuyper Creme de Cocoa White Liqueur, Kamora Coffee Liqueur, Half and Half"
Holly Jolly Punch,"DeKuyper Triple Sec Liqueur, Pinnacle Original Vodka, DeKuyper Triple Sec Liqueur, Pinnacle Original Vodka, Cranberry Juice, Ginger Ale, Frozen orange juice concentrate, Cinnamon Allspice, Nutmeg, Cranberries"
Key Lime Pie Martini,"DeKuyper Vanilla Schnapps Liqueur, Pinnacle Citrus Vodka, DeKuyper Vanilla Schnapps Liqueur, Pinnacle Citrus Vodka, Lime Juice, Cream, Whipped Cream, Lime Wheel"
Melon Creek Martini,"DeKuyper Pucker Watermelon Schnapps, Knob Creek Kentucky Straight Bourbon Whiskey, DeKuyper Pucker Watermelon Schnapps, Knob Creek Kentucky Straight Bourbon Whiskey, Cranberry Juice"
Pumpkin Pie Martini,"DeKuyper Buttershots Schnapps, Pinnacle Whipped Vodka, DeKuyper Buttershots Schnapps, Pinnacle Whipped Vodka, Cruzan 9 Spiced Rum, Half and Half, Pumpkin Puree, Pumpkin Spice, Whipped Cream, Variations of the Classic Martini"
Razzmatazz Truffle Martini,"Pinnacle Whipped Vodka, DeKuyper Razzmatazz Schnapps Liqueur, Pinnacle Whipped Vodka, DeKuyper Razzmatazz Schnapps Liqueur, DeKuyper Creme De Cacao Dark Liqueur, Kamora Coffee Liqueur, Half and Half"
Red Velvet Cake Martini,"DeKuyper Hazelnut Schnapps Liqueur, DeKuyper Creme de Cocoa White Liqueur, DeKuyper Hazelnut Schnapps Liqueur, DeKuyper Creme de Cocoa White Liqueur, DeKuyper Michigan Cherry Schnapps Liqueur, Pinnacle Original Vodka, Grenadine, Sugar, Granulated, Cocoa Powder"
Sour Apple Popsicle Martini,"DeKuyper Pucker Sour Apple Schnapps, Cream, DeKuyper Pucker Sour Apple Schnapps, Cream, Ice, Crushed"
Toffee Drop Martini,"Jim Beam Original, DeKuyper Buttershots Schnapps, Jim Beam Original, DeKuyper Buttershots Schnapps, DeKuyper Creme de Cocoa White Liqueur, Half and Half"
White Chocolate Raspberry Martini,"DeKuyper Creme de Cocoa White Liqueur, Pinnacle Raspberry Vodka, DeKuyper Creme de Cocoa White Liqueur, Pinnacle Raspberry Vodka, Chocolate Sauce, Raspberries"
Razzmatazz Sangria,"DeKuyper Razzmatazz Schnapps Liqueur, Red Wine, DeKuyper Razzmatazz Schnapps Liqueur, Red Wine, Mixed Berries, Soda Water"
Spring Sangria,"White Wine, Dry, DeKuyper Peachtree Schnapps Liqueur, White Wine, Dry, DeKuyper Peachtree Schnapps Liqueur, Sugar, Peaches and Grapes, Lemon Wheel"
Nectarita,"DeKuyper Peachtree Schnapps Liqueur, DeKuyper Triple Sec Liqueur, DeKuyper Peachtree Schnapps Liqueur, DeKuyper Triple Sec Liqueur, Sauza Blue Silver 100% Agave Tequila, Sour Mix"
Blue Martini,"Pinnacle Citrus Vodka, Pinnacle Citrus Vodka, Sour Mix"
Sauza Razzmatazz Margarita,"Sauza Silver Tequila, DeKuyper Razzmatazz Schnapps Liqueur, Sauza Silver Tequila, DeKuyper Razzmatazz Schnapps Liqueur, Lime Juice, Simple Syrup, Salt"
Blushing Margarita,"DeKuyper Triple Sec Liqueur, Sauza Blue Silver 100% Agave Tequila, DeKuyper Triple Sec Liqueur, Sauza Blue Silver 100% Agave Tequila, Lime Juice, Cranberry Juice"
Cherry Margarita,"DeKuyper Pucker Cherry Schnapps, Sauza Blue Silver 100% Agave Tequila, DeKuyper Pucker Cherry Schnapps, Sauza Blue Silver 100% Agave Tequila, Lime Juice"
Elderflower Margarita,"Sauza Blue Silver 100% Agave Tequila, JDK & Sons™ Fleur Elderflower Liqueur, Sauza Blue Silver 100% Agave Tequila, JDK & Sons™ Fleur Elderflower Liqueur, Lime Juice, Easy Ice Tips"
Coconut Snowball Martini,"Pinnacle Original Vodka, Cruzan Aged Light Rum, Pinnacle Original Vodka, Cruzan Aged Light Rum, DeKuyper Blue Curacao Liqueur, Cream of Coconut, Honey, Shredded Coconut"
Cran-Apple Martini,"DeKuyper Pucker Sour Apple Schnapps, Pinnacle Original Vodka, DeKuyper Pucker Sour Apple Schnapps, Pinnacle Original Vodka, Cranberry Juice"
Double Razzmatazz Grape Martini,"DeKuyper Pucker Grape Schnapps, DeKuyper Razzmatazz Schnapps Liqueur, DeKuyper Pucker Grape Schnapps, DeKuyper Razzmatazz Schnapps Liqueur, Pinnacle Raspberry Vodka, Lemon-Lime Soda"
Elderflower Martini,"EFFEN Original Vodka, JDK & Sons™ Fleur Elderflower Liqueur, EFFEN Original Vodka, JDK & Sons™ Fleur Elderflower Liqueur, Lime Juice"
Ginger Martini,"DeKuyper Mixologist Collection Ginger Liqueur, EFFEN Original Vodka, DeKuyper Mixologist Collection Ginger Liqueur, EFFEN Original Vodka, Fresh Ingredient Enhancements"
Apple Colada,"DeKuyper Tropical Coconut Liqueur, Apple Juice, DeKuyper Tropical Coconut Liqueur, Apple Juice, Lime Wedges"
Lazy Day Colada,"DeKuyper Pucker Sour Apple Schnapps, Cruzan Aged Light Rum, DeKuyper Pucker Sour Apple Schnapps, Cruzan Aged Light Rum, Pina Colada Mix"
Fall Sangria,"DeKuyper Triple Sec, Apple Cider, DeKuyper Triple Sec, Apple Cider, Apples, Oranges, Lemons, Cinnamon Sticks, Soda Water"
Banana Cinnamon Mojito,"Cruzan Banana Rum, Lime, Cruzan Banana Rum, Lime, Mint, Fresh, Soda Water, Mint, Fresh, Cinnamon Stick"
Strawberry Lemonade Mojito,"Cruzan Strawberry Rum, Lemon Wedges, Cruzan Strawberry Rum, Lemon Wedges, Fresh Mint Leaves, Sugar, Lemonade, Sparkling, Strawberries, Lemon Twist"
Cruzan Peach Sangria,"Cruzan Peach Rum, Lemon Sour, Cruzan Peach Rum, Lemon Sour, Skinnygirl Chardonnay, Lemon, Sliced, Lime, Sliced"
Peach Daiquiri,"Cruzan Peach Rum, Cruzan Aged Light Rum, Cruzan Peach Rum, Cruzan Aged Light Rum, Simple Syrup, Lime Wheel"
Island Breeze,"Cruzan Aged Dark Rum, Cruzan Peach Rum, Cruzan Aged Dark Rum, Cruzan Peach Rum, Pineapple Juice, Cranberry Juice, Orange and Cherry Flag"
Classic Rum Punch,"Cruzan Aged Light Rum, Cruzan 9 Spiced Rum, Cruzan Aged Light Rum, Cruzan 9 Spiced Rum, Orange Juice, Cranberry Juice, Pineapple Slice"
Bay Breeze,"Cruzan Aged Light Rum, Pineapple Juice, Cruzan Aged Light Rum, Pineapple Juice, Cranberry Juice, Strawberries, Using Fresh Citrus"
Banana Nana,"Cruzan Banana Rum, Cruzan Aged Dark Rum, Cruzan Banana Rum, Cruzan Aged Dark Rum, Orange Juice"
Voodoo Hurricane,"Cruzan 9 Spiced Rum, Cruzan 151 Rum, Cruzan 9 Spiced Rum, Cruzan 151 Rum, Cruzan Vanilla Rum, Orange Juice, Pineapple Juice, Grenadine, Fruit Wedge"
Rum Breeze,"Cruzan Black Cherry Rum, Cruzan Aged Light Rum, Cruzan Black Cherry Rum, Cruzan Aged Light Rum, Pineapple Juice, Ginger Ale, Lime Twist"
Endless Summer Punch,"Cruzan Pineapple Rum, Cruzan Aged Dark Rum, Cruzan Pineapple Rum, Cruzan Aged Dark Rum, Cruzan Coconut Rum, Orange Juice, Lemonade, Pineapple Wedge"
Cruzan Confusion,"Cruzan Coconut Rum, Cruzan Mango Rum, Cruzan Coconut Rum, Cruzan Mango Rum, Pineapple Juice, Mango, Easy Ice Tips"
Pina Colada Martini,"Cruzan Coconut Rum, Cruzan Pineapple Rum, Cruzan Coconut Rum, Cruzan Pineapple Rum, Pineapple Juice, Pineapple Wedge"
Strawberry Rosemary Punch,"Cruzan Strawberry Rum, Lime Juice, Cruzan Strawberry Rum, Lime Juice, Ginger Ale, Rosemary Sprigs"
Cruzan Colada,"Cruzan Aged Light Rum, Pineapple Juice, Cruzan Aged Light Rum, Pineapple Juice, Cream of Coconut, Pineapple Slice"
Mango Hurricane,"Cruzan Mango Rum, Cruzan Aged Dark Rum, Cruzan Mango Rum, Cruzan Aged Dark Rum, Orange Juice, Grenadine, Orange Wedges, Cherries"
Mango Mojito,"Cruzan Mango Rum, Mango, Cruzan Mango Rum, Mango, Lime Juice, Simple Syrup, Fresh Mint Leaves, Soda Water"
Cruzan 9 Punch,"Cruzan 9 Spiced Rum, Orange Juice, Cruzan 9 Spiced Rum, Orange Juice, Cranberry Juice, Lime Wedges"
Pineapple Smash,"Cruzan 9 Spiced Rum, Cruzan Pineapple Rum, Cruzan 9 Spiced Rum, Cruzan Pineapple Rum, Lime Juice, Soda Water, Lime Wedges, Embracing Herbs and Spices"
Strawberry Basil Spritzer,"Cruzan Strawberry Rum, Cruzan Aged Light Rum, Cruzan Strawberry Rum, Cruzan Aged Light Rum, Lime, Basil Leaves, Soda Water, Sugar"
Spiced Holly Highball,"Cruzan Aged Dark Rum, Cranberries, Cruzan Aged Dark Rum, Cranberries, Pumpkin Spice, Agave Syrup, Mint, Fresh, Club Soda"
Strawberry Mai Tai,"Cruzan Strawberry Rum, DeKuyper Orange Curacao Liqueur, Cruzan Strawberry Rum, DeKuyper Orange Curacao Liqueur, Lime Juice, Simple Syrup, Orgeat Syrup, Cherries, Mint Sprig"
Autumn-tini,"Cruzan Aged Light Rum, DeKuyper Hazelnut Schnapps Liqueur, Cruzan Aged Light Rum, DeKuyper Hazelnut Schnapps Liqueur, Pear Nectar, Sugar, Cinnamon, Ground"
Hot Buttered Spiced Rum,"Cruzan 9 Spiced Rum, Batter, Cruzan 9 Spiced Rum, Batter, Hot Water"
Coconut Old Fashioned,"Simple Syrup, Simple Syrup, Bitters, Orange Peel"
Chocolate Covered Cherry,"Cruzan Black Cherry Rum, Cruzan Vanilla Rum, Cruzan Black Cherry Rum, Cruzan Vanilla Rum, Chocolate Syrup, Milk, Grenadine, Whipped Cream, Maraschino Cherries"
Cruzan Summer Breeze,"Cruzan Coconut Rum, DeKuyper Triple Sec Liqueur, Cruzan Coconut Rum, DeKuyper Triple Sec Liqueur, Lime Soda Water, Sparkling, Lime Wedges, Ice"
Take 9,"Cruzan 9 Spiced Rum, DeKuyper Blue Curacao Liqueur, Cruzan 9 Spiced Rum, DeKuyper Blue Curacao Liqueur, Grenadine, Orange Twist"
Planter's Punch,"Cruzan 9 Spiced Rum, Cruzan Aged Light Rum, Cruzan 9 Spiced Rum, Cruzan Aged Light Rum, Mango Juice, Pineapple Juice, Grenadine, Bitters, Soda Water"
Slowpoke Shandy,"Lime Juice, Lime Juice, Ginger Syrup, Wheat Beer"
Maple Leaf,"Cruzan Estate Diamond Dark Rum, Maple Syrup, Cruzan Estate Diamond Dark Rum, Maple Syrup, Bitters, Apple Bitters, Cinnamon, Ground"
Key Lime Sparkler,"Cruzan Key Lime Rum, JDK & Sons™ O3 Premium Orange Liqueur, Cruzan Key Lime Rum, JDK & Sons™ O3 Premium Orange Liqueur, Bitters, Wine, Sparkling, Orange Twist"
Cruzan Sidecar,"DeKuyper Triple Sec Liqueur, DeKuyper Triple Sec Liqueur, Lemon Juice"
Hot Toddy,"Cruzan Aged Dark Rum, Honey, Cruzan Aged Dark Rum, Honey, Lemon Peel, Hot Water"
New Fashioned,"Cruzan Aged Dark Rum, Sugar, Cruzan Aged Dark Rum, Sugar, Bitters, Orange Slice, Soda Water, Cherries"
Light and Tonic,"Cruzan Aged Light Rum, Tonic Water, Cruzan Aged Light Rum, Tonic Water, Lime Juice, Lime Wedges, Fresh Ingredient Enhancements"
Cruzan 9 Tea,"Cruzan 9 Spiced Rum, DeKuyper Peachtree Schnapps Liqueur, Cruzan 9 Spiced Rum, DeKuyper Peachtree Schnapps Liqueur, Iced Tea, Lemon Wedges"
Peach on the Beach,"Cruzan Peach Rum, Cruzan Aged Light Rum, Cruzan Peach Rum, Cruzan Aged Light Rum, Lime Juice, Mint, Fresh, Mint Sprig"
Paradise Punch,"Cruzan Peach Rum, Ginger Ale, Cruzan Peach Rum, Ginger Ale, Honey Syrup, Lemon Juice"
Passion Fruit Passport,"Cruzan Passion Fruit Rum, Lemon Juice, Cruzan Passion Fruit Rum, Lemon Juice, Vanilla Extract, Ice, Maraschino Cherries, Fresh Ingredient Enhancements"
Hats Off Julep,"Cruzan Estate Diamond Dark Rum, Turbinado Syrup, Cruzan Estate Diamond Dark Rum, Turbinado Syrup, Fresh Mint Leaves, Blackberries, Ice, Crushed"
Weekenders' Punch,"Cruzan Aged Light Rum, Cruzan Passion Fruit Rum, Cruzan Aged Light Rum, Cruzan Passion Fruit Rum, Riesling, Lemonade, Lemon Syrup"
Nil Fashioned,"Cruzan Estate Diamond Dark Rum, DeKuyper Triple Sec Liqueur, Cruzan Estate Diamond Dark Rum, DeKuyper Triple Sec Liqueur, Turbinado Syrup, Cardamom Bitters"
Sunset Daiquiri,"Cruzan Aged Dark Rum, Passion Fruit Syrup, Cruzan Aged Dark Rum, Passion Fruit Syrup, Lemon Juice, Grenadine, Cherries, Fresh Ingredient Enhancements"
Smashin' Passion,"Cruzan Key Lime Rum, Cruzan Passion Fruit Rum, Cruzan Key Lime Rum, Cruzan Passion Fruit Rum, Pineapple Juice, Orange Juice"
Delusion,"Cruzan Mango Rum, Cruzan Coconut Rum, Cruzan Mango Rum, Cruzan Coconut Rum, Pineapple Juice"
Cruzan Banana Split,"Cruzan Banana Rum, Cruzan Vanilla Rum, Cruzan Banana Rum, Cruzan Vanilla Rum, Cruzan Strawberry Rum, Pineapple Juice, Cream of Coconut, Secrets of Citrus"
Peach Mojito,"Cruzan Aged Light Rum, DeKuyper Peachtree Schnapps Liqueur, Cruzan Aged Light Rum, DeKuyper Peachtree Schnapps Liqueur, Lime, Fresh Mint Leaves, Simple Syrup, Soda Water, Ice"
Hornitos Midori Margarita,"Hornitos Plata Tequila, Midori Melon Liqueur, Hornitos Plata Tequila, Midori Melon Liqueur, Lime Juice, Simple Syrup, Lime Wheel"
Hornitos Black Barrel Tequila Manhattan,"Vermouth, Sweet, Vermouth, Sweet, Bitters, Lemon Peel"
Sunrise,"Hornitos Reposado Tequila, Orange Juice, Hornitos Reposado Tequila, Orange Juice, Grenadine, Orange Twist"
The Burgundy,"Hornitos Plata Tequila, Honey Syrup, Hornitos Plata Tequila, Honey Syrup, Mezcal, Vermouth, Sweet, Orange Twist"
Hornitos Black Barrel Tequila Old Fashioned,"Simple Syrup, Simple Syrup, Amaro Liqueur, Bitters, Orange Bitters, Orange Peel"
The Money Maker,"Hornitos Plata Tequila, DeKuyper Razzmatazz Schnapps Liqueur, Hornitos Plata Tequila, DeKuyper Razzmatazz Schnapps Liqueur, Lemon Juice, Simple Syrup, Egg White"
Green River,"Hornitos Plata Tequila, Green Chartreuse Liqueur, Hornitos Plata Tequila, Green Chartreuse Liqueur, Lime Juice, Lime Twist"
Horchata,"Hornitos Plata Tequila, Coconut Water, Hornitos Plata Tequila, Coconut Water, Almond Milk, Cinnamon, Ground, Sugar"
Stars and Stripes Bloody Mary,"Hornitos Anejo Tequila, Agave Nectar, Hornitos Anejo Tequila, Agave Nectar, Lime Juice, Blueberries, Hornitos Reposado Tequila, Bloody Mary Mix, Cayenne Pepper, Salt, Pepper, Black"
The Summer Friday,"Hornitos Reposado Tequila, Passion Fruit Puree, Hornitos Reposado Tequila, Passion Fruit Puree, Agave Nectar, Aperol Aperitif, Lemon Juice, Blood Orange, Slice"
Death and Taxes,"Hornitos Anejo Tequila, Lime Juice, Hornitos Anejo Tequila, Lime Juice, Simple Syrup, Mezcal"
Mexican Mule,"Hornitos Plata Tequila, Ginger Beer, Hornitos Plata Tequila, Ginger Beer, Lime Juice, Lime Wedges"
Sauza 901 Club,"Sauza 901 Tequila, Iced Tea, Sauza 901 Tequila, Iced Tea, Lemonade, Agave Syrup, Mint Sprig, Lemon Wedges"
Mexican Julep,"Sauza 901 Tequila, Agave Syrup, Sauza 901 Tequila, Agave Syrup, Water, Mint, Fresh"
Tequila Baybreeze,"Sauza 901 Tequila, Pineapple Juice, Sauza 901 Tequila, Pineapple Juice, Cranberry Juice, Pineapple Slice, Fresh Ingredient Enhancements"
Ruby Sparkler,"Sauza 901 Tequila, Grapefruit Juice, Sauza 901 Tequila, Grapefruit Juice, Lemon Juice, Simple Syrup, Raspberries, Lemon Wheel"
Pequeña Colada,"Sauza 901 Tequila, Lime Juice, Sauza 901 Tequila, Lime Juice, Pineapple Juice, Cream of Coconut, Simple Syrup, Pineapple Wedge"
Mai Tequila,"Sauza 901 Tequila, DeKuyper Créme De Almond Liqueur, Sauza 901 Tequila, DeKuyper Créme De Almond Liqueur, Lime Juice, Orange Bitters, Mint Sprig"
Juan Collins,"Sauza 901 Tequila, Lemon Juice, Sauza 901 Tequila, Lemon Juice, Simple Syrup, Soda Water, Lemon Peel, Maraschino Cherries"
Sauza Blue,"Sauza Blue Silver 100% Agave Tequila, DeKuyper Blue Curacao Liqueur, Sauza Blue Silver 100% Agave Tequila, DeKuyper Blue Curacao Liqueur, Lemon-Lime Soda, Sweet and Sour Mix"
Classic Margarita,"Sauza Silver Tequila, Lime Juice, Sauza Silver Tequila, Lime Juice, DeKuyper Triple Sec Liqueur, Simple Syrup, Lime"
Premier Margarita,"Hornitos Reposado Tequila, DeKuyper Triple Sec Liqueur, Hornitos Reposado Tequila, DeKuyper Triple Sec Liqueur, Lime Juice, Lime"
Sauza Watermelon Margarita,"Sauza Blue Silver 100% Agave Tequila, JDK & Sons™ O3 Premium Orange Liqueur, Sauza Blue Silver 100% Agave Tequila, JDK & Sons™ O3 Premium Orange Liqueur, Watermelon, Lime Juice, Ice"
Bloody Maria,"Sauza Blue Silver 100% Agave Tequila, Tomato Juice, Sauza Blue Silver 100% Agave Tequila, Tomato Juice, Sriracha Chili Sauce, Pepper, Black, Celery Salt, Paprika, Cumin, Worcestershire sauce, Lime, Olives, Pickled Jalapeño, Sprig Cilantro"
Midori Margarita,"Midori Melon Liqueur, Hornitos Plata Tequila, Midori Melon Liqueur, Hornitos Plata Tequila, Lime Juice, Lime Wheel"
Sauza Strawberry Sparkler,"Sauza Blue Silver 100% Agave Tequila, DeKuyper Strawberry Patch Schnapps Liqueur, Sauza Blue Silver 100% Agave Tequila, DeKuyper Strawberry Patch Schnapps Liqueur, Rose Champagne, Limeade, Strawberries, Sugar, Lime"
Candy Apple Margarita,"Sauza Blue Silver 100% Agave Tequila, Limeade, Sauza Blue Silver 100% Agave Tequila, Limeade, DeKuyper Hot Damn! Cinnamon Schnapps Liqueur, Candy Apple Soda, Shaking & Stirring"
Dirty Martini,"EFFEN Original Vodka, Olive Juice, EFFEN Original Vodka, Olive Juice, Dry Vermouth, Olives, Fresh Ingredient Enhancements"
Midnight's Kiss,"Pinnacle Original Vodka, Champagne, Pinnacle Original Vodka, Champagne, Rock Candy Stick"
Peachy Keen,"Pinnacle Peach Vodka, Lemon-Lime Soda, Pinnacle Peach Vodka, Lemon-Lime Soda, Peach Slices"
Peppermint Hot Chocolate,"Pinnacle Whipped Vodka, DeKuyper Peppermint Schnapps, Pinnacle Whipped Vodka, DeKuyper Peppermint Schnapps, Swiss Miss Milk Chocolate Hot Cocoa, Cherry, Simple Garnishes"
Orange Dreamsicle,"Pinnacle Whipped Vodka, Orange Soda, Pinnacle Whipped Vodka, Orange Soda, Orange Wedges"
Red Greyhound Pinn-Tini,"Pinnacle Original Vodka, DeKuyper Triple Sec Liqueur, Pinnacle Original Vodka, DeKuyper Triple Sec Liqueur, Pink Grapefruit Juice"
Vanilla Cream Berry-Tini,"Pinnacle Vanilla Vodka, DeKuyper Razzmatazz Schnapps Liqueur, Pinnacle Vanilla Vodka, DeKuyper Razzmatazz Schnapps Liqueur, Half and Half, Raspberries, Chocolate Shavings"
Chocolate Covered Berries,"Pinnacle Red Berry Vodka, DeKuyper Creme de Cocoa White Liqueur, Pinnacle Red Berry Vodka, DeKuyper Creme de Cocoa White Liqueur, Pinnacle Chocolate Whipped Vodka, Chocolate Shavings, Raspberries"
Mocha Razz-Tini,"Pinnacle Raspberry Vodka, DeKuyper Creme de Cocoa White Liqueur, Pinnacle Raspberry Vodka, DeKuyper Creme de Cocoa White Liqueur, Kamora Coffee Liqueur"
Pineapple Razztini,"Pinnacle Pineapple Vodka, DeKuyper Razzmatazz Schnapps Liqueur, Pinnacle Pineapple Vodka, DeKuyper Razzmatazz Schnapps Liqueur, Cranberry Juice, Pineapple Slice, Raspberries"
Peach Iced Tea,"Pinnacle Peach Vodka, Iced Tea, Pinnacle Peach Vodka, Iced Tea, Lemon Wheel"
Sunset Martini,"Pinnacle Orange Vodka, DeKuyper Triple Sec Liqueur, Pinnacle Orange Vodka, DeKuyper Triple Sec Liqueur, Lime Juice, Orange Twist"
Mango Cran-Tini,"Pinnacle Mango Vodka, DeKuyper Vanilla Schnapps Liqueur, Pinnacle Mango Vodka, DeKuyper Vanilla Schnapps Liqueur, Cranberry Juice, Cherries"
Kiwi Zest Martini,"Pinnacle Kiwi Strawberry Vodka, Sour Mix, Pinnacle Kiwi Strawberry Vodka, Sour Mix, Lemon Juice, Sugar, Lemon Wedges"
Grape Cosmo,"Pinnacle Grape Vodka, DeKuyper Triple Sec Liqueur, Pinnacle Grape Vodka, DeKuyper Triple Sec Liqueur, DeKuyper Razzmatazz Schnapps Liqueur, Orange Slice"
Pinnacle Summer Breeze,"Pinnacle Cucumber Watermelon Vodka, Grapefruit Juice, Pinnacle Cucumber Watermelon Vodka, Grapefruit Juice, Lime Juice, Watermelon Wedge, Simple Garnishes"
Sunset Tea,"Pinnacle CranApple Vodka, Iced Tea, Pinnacle CranApple Vodka, Iced Tea, Orange Juice, Cinnamon, Ground, Orange Slice"
Pink Pineapple-Tini,"Pinnacle County Fair Cotton Vodka, Pineapple Juice, Pinnacle County Fair Cotton Vodka, Pineapple Juice, Grenadine, Cherries"
Coconut Spritzer,"Pinnacle Coconut Vodka, Soda Water, Pinnacle Coconut Vodka, Soda Water, Pineapple Juice, Pineapple Slice"
Cran Tropic-Tini,"Pinnacle Citrus Vodka, Pineapple Juice, Pinnacle Citrus Vodka, Pineapple Juice, Cranberry Juice, Pineapple Wedge"
Paris Escape,"Pinnacle Original Vodka, Pineapple Juice, Pinnacle Original Vodka, Pineapple Juice, Raspberries, Muddled, Lemon, Raspberries, Using Fresh Citrus"
Sunday Funday Bloody Mary,"Pinnacle Original Vodka, Tomato Juice, Pinnacle Original Vodka, Tomato Juice, Hot Sauce, Horseradish, Worcestershire sauce, Celery"
Orange Coco-Naut Cosmos,"Pinnacle Coconut Vodka, DeKuyper Triple Sec Liqueur, Pinnacle Coconut Vodka, DeKuyper Triple Sec Liqueur, Orange Juice, Shredded Coconut, Variations of the Classic Martini"
S'mmmores,"Pinnacle Whipped Vodka, DeKuyper Creme De Cacao Dark Liqueur, Pinnacle Whipped Vodka, DeKuyper Creme De Cacao Dark Liqueur, Soda Water, Marshmallows"
Ooh La La Lemon,"Pinnacle Whipped Vodka, Lemonade, Pinnacle Whipped Vodka, Lemonade, Whipped Cream"
Classic Cosmo,"EFFEN Vodka, Cranberry Juice, EFFEN Vodka, Cranberry Juice, DeKuyper Triple Sec Liqueur, Lime Juice, Cranberries"
Strawberry Basil,"Strawberries, Strawberries, Basil, Soda Water, Lime Wedges"
Skinnygirl Bloody Mary,"Skinnygirl Cucumber Vodka, Hot Sauce, Skinnygirl Cucumber Vodka, Hot Sauce, Low-Sodium Tomato Juice, Lemon Juice, Lime Juice, Worcestershire sauce, Celery Salt, Lime, Cucumber, Sliced"
Handsome Ginger,"Pinnacle Original Vodka, Ginger Beer, Pinnacle Original Vodka, Ginger Beer, Lime Wedge, Orange Wedges"
