"Name","Color","occasion"
"Espresso Martini","['brown']","['birthday', 'fall', 'new-years', 'winter']"
"Sazerac","['brown']","['winter']"
"Jim Beam and Ginger Highball","['brown']","['bbq', 'christmas', 'holiday', 'summer']"
"Smoked Maple Old Fashioned","['brown']","['fall', 'holiday', 'thanksgiving']"
"Basil Hayden's Golden Hour","['brown']","['fall', 'winter']"
"CC Ginger Ale","['brown']","['bbq', 'christmas', 'holiday', 'summer']"
"Legent Sea 'New' Fashioned","['brown']","['fall', 'holiday', 'thanksgiving']"
"Knob Creek Rye Old Fashioned","['brown']","['fall', 'holiday', 'thanksgiving']"
"C.C. & Cola","['brown']","['fall', 'holiday', 'thanksgiving']"
"Kilbeggan Irish Coffee","['brown']","['brunch', 'christmas', 'spring', 'winter']"
"Cruzan Safe Harbor","['brown']","['bbq', 'christmas', 'holiday', 'summer']"
"SQRRL Carajillo","['brown']","['bbq', 'brunch', 'wedding']"
"SQRRL PB Manhattan","['brown']","['bbq', 'holiday', 'winter']"
"Maker's Mark Gold Rush","['brown']","['fall', 'holiday', 'thanksgiving']"
"Legent Blossom Old Fashioned","['brown']","['fall', 'winter']"
"Knob Creek Old Fashioned","['brown']","['fall', 'winter']"
"Pinnacle Peppermint Hot Chocolate","['brown']","['christmas', 'holiday', 'winter']"
"Cruzan Coquito","['brown']","['christmas', 'holiday', 'winter']"
"Pumpkin Spice White Russian","['brown']","['fall']"
"Au-Kee-Ta","['brown']","['fall']"
"Bobby Burns","['brown']","['fall']"
"Rob Roy","['brown']","['fall']"
"Beer & Loathing","['brown']","['fall', 'thanksgiving', 'winter']"
"Berry White","['brown']","['bbq', 'fall', 'game-day', 'thanksgiving']"
"It’s Bitter to Be Hoppy","['brown']","['fall', 'thanksgiving']"
"Laphroaig Land and Sea","['brown']","['fall', 'thanksgiving']"
"Laphroaig Back Yard Collins","['brown']","['bbq', 'fall']"
"Jim Beam Black Hot Toddy","['brown']","['fall', 'winter']"
"Hot Buttery Barrel","['brown']","['fall', 'game-day']"
"Courvoisier Classic","['brown']","['ladies-night', 'new-years', 'wedding']"
"Louisville Skyline","['brown']","['fall']"
"Basil Hayden’s Classic Manhattan","['brown']","['fall']"
"Spiced Cherry Sipper","['brown']",NA
"Spiced Cocoa","['brown']","['winter']"
"Pumpkin Bourbon Cider","['brown']","['fall', 'winter']"
"Dry Rye Manhattan","['brown']",NA
"C.C. & Ginger","['brown']",NA
"Tree Trimmer","['brown']","['holiday']"
"Beam & Hops","['brown']","['bbq', 'game-day']"
"Rye in Paradise","['brown']","['fall']"
"Chili Chocolate Orange","['brown']",NA
"Crusta","['brown']",NA
"Courvoisier Sidecar","['brown']","['ladies-night', 'new-years', 'wedding']"
"A Warm Welcome","['brown']","['holiday', 'winter']"
"Harbor Punch","['brown']","['bbq', 'spring', 'summer']"
"Kentucky Sweet Tea","['brown']","['bbq', 'summer']"
"DeKuyper Fuzzy Beam","['brown']","['spring']"
"Old '97","['brown']","['fall', 'winter']"
"Jimmy's Chocolate","['brown']","['summer']"
"Kentucky Joe","['brown']","['bbq']"
"Journeyman","['brown']","['fall']"
"Jim Rickey","['brown']",NA
"Apple 'N' Rye","['brown']","['fall']"
"Honey Toddy","['brown']","['fall', 'holiday', 'winter']"
"Fireside Coco","['brown']","['christmas', 'fall', 'holiday', 'winter']"
"Fire Drop","['brown']","['bbq', 'spring', 'summer']"
"Jim Beam Manhattan","['brown']",NA
"Dernier Cri","['brown']","['fall', 'spring']"
"Jim Beam Orleans","['brown']","['fall', 'holiday', 'wedding', 'winter']"
"Dancing with the Devil","['brown']","['summer']"
"Jimmy's Best","['brown']",NA
"Front Porch Peach Tea","['brown']","['bbq', 'spring', 'summer']"
"Apple Highball","['brown']","['bbq', 'fall']"
"Cuba Libre","['brown']","['bbq']"
"Mudslide","['brown']","['birthday', 'ladies-night', 'summer']"
"Bourbon Cider Cocktail","['brown']","['fall', 'holiday', 'thanksgiving']"
"Bourbon Bonn Bonn","['brown']","['holiday', 'winter']"
"Apricot Sage Bourbon Cocktail","['brown']","['spring', 'summer']"
"Bardstown Sling","['brown']","['bbq', 'fall', 'summer', 'thanksgiving']"
"Blucumber Fizz","['brown']","['bbq', 'birthday', 'summer']"
"Dragons Toe","['brown']","['bbq', 'spring']"
"Maker's Mark & Ginger","['brown']","['fall']"
"Maker's Mark and Kumquat Marmalade","['brown']","['fall']"
"Maker's Mark Collins","['brown']","['fall']"
"Maker's Mark Presbyterian","['brown']","['fall']"
"Maker's Mark Redhead","['brown']","['fall', 'thanksgiving']"
"Maker's Mark Sour","['brown']","['birthday', 'ladies-night', 'fall']"
"Maker's Mark Summer Breeze","['brown']","['summer']"
"Maker's Mash","['brown']","['bbq', 'summer']"
"The Lion & The Lamb","['brown']","['fall']"
"Apple Manhattan","['brown']","['birthday', 'ladies-night', 'ladies-night', 'fall', 'thanksgiving', 'winter']"
"Citrus Basil Manhattan","['brown']","['fall', 'spring', 'wedding']"
"Dram Sour","['brown']","['fall', 'holiday']"
"Maker's Mark Manhattan","['brown']","['birthday', 'ladies-night', 'fall', 'holiday', 'valentines-day']"
"Oh Henry","['brown']","['bbq', 'fall', 'winter']"
"Maker's Mark  
  Mint Julep","['brown']","['spring', 'summer']"
"Maker's Mark Mojito","['brown']","['bbq', 'fall', 'summer']"
"Whisky Smash","['brown']","['fall']"
"Fancy Bourbon Punch","['brown']","['bbq', 'birthday', 'ladies-night', 'brunch', 'christmas', 'fall', 'thanksgiving', 'winter']"
"La Mela","['brown']","['fall', 'holiday', 'thanksgiving']"
"Old Fashioned","['brown']","['bbq', 'fall', 'thanksgiving']"
"The Chee Chee","['brown']","['bbq', 'fall', 'thanksgiving']"
"The Fiscal Agent","['brown']","['fall']"
"Kentucky Coffee","['brown']","['fall', 'holiday', 'winter']"
"Yuzu Toddy","['brown']","['fall', 'holiday', 'thanksgiving', 'winter']"
"Midori Cider","['brown']","['bbq', 'fall', 'summer']"
"Peanut Butter Cup Martini","['brown']","['birthday', 'halloween', 'holiday']"
"Root Beer Freeze","['brown']","['birthday']"
"Spicy Hot Chocolate","['brown']","['holiday', 'new-years', 'valentines-day', 'winter']"
"Long Island Iced Tea","['brown']","['bbq', 'summer']"
"Chocolate Martini","['brown']","['birthday', 'holiday', 'valentines-day']"
"Buttershots™ Slide","['brown']","['christmas', 'fall', 'holiday', 'winter']"
"Classic Manhattan","['brown']","['birthday', 'fall']"
"Christmas Mint Kiss","['brown']","['christmas', 'holiday', 'winter']"
"Peach Whiskey Sour","['brown']","['bbq', 'birthday', 'spring', 'summer']"
"Fall Sangria","['brown']","['bbq', 'birthday', 'fall']"
"Pumpkin Pie Martini","['brown']","['fall', 'halloween', 'holiday', 'thanksgiving']"
"Razzmatazz Truffle Martini","['brown']","['birthday', 'ladies-night', 'spring']"
"Red Velvet Cake Martini","['brown']","['birthday', 'ladies-night', 'holiday', 'valentines-day']"
"Banana Cinnamon Mojito","['brown']","['spring', 'summer']"
"Strawberry Mai Tai","['brown']","['summer', 'tropical']"
"Hot Buttered Spiced Rum","['brown']","['fall', 'halloween', 'holiday', 'thanksgiving']"
"Coconut Old Fashioned","['brown']","['tropical']"
"Chocolate Covered Cherry","['brown']","['birthday', 'holiday', 'valentines-day']"
"Take 9","['brown']",NA
"Maple Leaf","['brown']","['fall', 'thanksgiving']"
"New Fashioned","['brown']",NA
"Hats Off Julep","['brown']","['spring', 'summer']"
"Hornitos Black Barrel Tequila Old Fashioned","['brown']","['fall', 'thanksgiving', 'winter']"
"Horchata","['brown']","['spring']"
"Death and Taxes","['brown']","['spring']"
"Mexican Mule","['brown']","['bbq', 'summer']"
"Peppermint Hot Chocolate","['brown']","['christmas', 'holiday', 'winter']"
"Mocha Razz-Tini","['brown']","['birthday', 'holiday', 'valentines-day', 'winter']"
"Peach Iced Tea","['brown']","['bbq', 'brunch', 'fall']"
"Sunset Tea","['brown']","['summer']"
"French 75","['yellow']","['birthday', 'holiday', 'new-years', 'wedding']"
"Gimlet","['yellow']","['birthday', 'brunch', 'spring', 'summer']"
"Bee's Knees","['yellow']","['spring', 'summer']"
"Kentucky Made","['yellow']","['bbq', 'fall', 'spring', 'summer']"
"Ginger Buck","['yellow']","['bbq', 'brunch', 'fall', 'spring', 'summer']"
"Mai Tai","['yellow']","['spring', 'summer', 'tropical']"
"CV The French Twist","['yellow']","['brunch']"
"Sipsmith Martini","['yellow']","['fall', 'holiday', 'thanksgiving']"
"Courvoisier Gala","['yellow']","['fall', 'spring', 'summer']"
"SQRRL Top Banana","['yellow']","['bbq', 'birthday', 'brunch', 'fall', 'summer', 'tropical']"
"Still Steam","['yellow']","['fall', 'holiday', 'winter']"
"Kilbeggan Brosna Sour","['yellow']","['holiday']"
"Gingerbread Sour","['yellow']","['holiday']"
"Gin Basil Smash","['yellow', 'green']","['bbq', 'brunch', 'summer']"
"Yellowhammer","['yellow']","['game-day']"
"Black & Gold","['yellow']","['game-day']"
"Glasgow Seelbach","['yellow']","['fall']"
"Sauza Cilantro Jalapeno Margarita","['yellow']","['fall', 'spring', 'summer']"
"EFFEN Blood Orange Mimosa","['yellow']","['ladies-night', 'brunch', 'fall']"
"Buttershots Old Fashioned","['yellow']","['fall', 'holiday']"
"Rye Opener","['yellow']","['fall']"
"Rye Squeeze","['yellow']","['fall']"
"Laphroaig Penicillin","['yellow']","['fall', 'holiday']"
"Cruzan Mai Tai","['yellow']","['bbq', 'summer', 'tropical']"
"Derby Fizz","['yellow']","['bbq', 'spring']"
"Pineapple Crush","['yellow']","['bbq', 'spring', 'summer', 'tropical']"
"Derby Spritzer","['yellow']","['bbq', 'spring']"
"Banana ‘Nana Daiquiri","['yellow']","['bbq', 'summer', 'tropical']"
"Sparkling Cherry Sangria","['yellow']","['bbq', 'spring', 'summer']"
"Everblooming Fizz","['yellow']","['bbq', 'spring', 'summer']"
"Spicy Cucumber Margarita","['yellow']","['bbq', 'spring', 'summer']"
"David Beams 1838 Cocktail","['yellow']","['bbq', 'fall', 'game-day', 'thanksgiving', 'winter']"
"Tropical Spice","['yellow']","['bbq', 'game-day', 'summer', 'tropical']"
"Cognac Summit","['yellow']","['birthday', 'ladies-night', 'spring', 'valentines-day', 'wedding']"
"Shining Light Spice","['yellow']",NA
"Guava Spice","['yellow']","['brunch', 'spring']"
"Limonlicious","['yellow']","['summer']"
"Samba Margarita","['yellow']",NA
"Vodka Lemonade","['yellow']","['bbq', 'summer']"
"Crisp Apple Ade","['yellow']","['fall']"
"Black Mule","['yellow']","['summer']"
"Passion Car","['yellow']","['fall']"
"First Class","['yellow']","['ladies-night']"
"Sparkling Cognac","['yellow']","['ladies-night', 'new-years', 'wedding']"
"Apri Diem","['yellow']","['spring', 'summer']"
"Stars & Stripes Spiced Ice","['yellow']","['bbq', 'summer']"
"Beam Ade","['yellow']","['summer']"
"Honey Apple Cucumber","['yellow']","['brunch', 'spring', 'summer']"
"The Rider","['yellow']","['brunch', 'fall', 'spring']"
"Red Stag Half & Half","['yellow']","['bbq', 'fall', 'game-day', 'spring']"
"Vodka Collins","['yellow']","['summer']"
"Mango Rum Margarita","['yellow']","['spring', 'summer']"
"Kentucky Bubbly","['yellow']","['ladies-night', 'new-years']"
"Peach Lemonade Spritzer","['yellow']","['bbq', 'birthday', 'ladies-night', 'summer', 'wedding']"
"Jim Beam Lemonade","['yellow']","['bbq', 'birthday', 'ladies-night', 'summer']"
"Pina Punch","['yellow']","['bbq', 'brunch', 'fall', 'spring', 'summer']"
"Nectarita","['yellow']","['bbq', 'birthday', 'summer', 'summer', 'summer']"
"Spring Sangria","['yellow']","['bbq', 'brunch', 'spring']"
"Lazy Day Colada","['yellow']","['bbq', 'summer', 'summer', 'tropical']"
"Apple Colada","['yellow']","['summer', 'summer', 'tropical']"
"Bahama Mama","['yellow']","['bbq']"
"Midori Cactus Juice","['yellow']",NA
"Alligator's Kiss","['yellow']","['ladies-night', 'summer']"
"Mango Mojito","['yellow']","['summer', 'tropical']"
"Rum Breeze","['yellow']","['birthday', 'summer', 'tropical']"
"Pineapple Smash","['yellow']","['summer', 'tropical']"
"Hot Toddy","['yellow']","['fall', 'holiday', 'thanksgiving', 'winter']"
"Cruzan 9 Tea","['yellow']","['brunch', 'spring', 'summer']"
"Passion Fruit Passport","['yellow']","['summer']"
"Weekenders' Punch","['yellow']","['bbq', 'birthday', 'summer']"
"Nil Fashioned","['yellow']","['summer']"
"Delusion","['yellow']","['summer', 'tropical']"
"Cruzan Banana Split","['yellow']","['summer', 'tropical']"
"Cruzan Colada","['yellow']","['summer', 'tropical']"
"Pina Colada Martini","['yellow']","['spring', 'summer', 'tropical']"
"Endless Summer Punch","['yellow']","['bbq', 'summer']"
"Strawberry Lemonade Mojito","['yellow']","['bbq', 'brunch', 'spring', 'summer']"
"Sauza 901 Club","['yellow']","['fall']"
"Premier Margarita","['yellow']","['spring', 'summer']"
"The Burgundy","['yellow']",NA
"Kiwi Zest Martini","['yellow']","['spring', 'summer']"
"Ooh La La Lemon","['yellow']","['birthday', 'ladies-night', 'spring', 'summer']"
"Coconut Spritzer","['yellow']","['summer', 'tropical']"
"Sparkling Berry Sangria","['red']","['bbq', 'birthday', 'brunch', 'spring', 'summer', 'valentines-day', 'wedding']"
"Hornitos Paloma","['red']","['bbq', 'christmas', 'holiday', 'summer']"
"Cruzan
Spiced Apple Cider","['red']","['fall', 'halloween', 'holiday', 'winter']"
"Cruzan Cider Punch","['red']","['fall', 'halloween', 'holiday', 'winter']"
"Sipsmith Negroni","['red']","['fall', 'winter']"
"Maker's Mark Merry Berry Buck","['red']","['bbq', 'christmas', 'holiday', 'summer']"
"SQRRL PB&J Shot","['red']","['game-day']"
"Maker's Mark Hot Apple Cider","['red']","['fall', 'holiday', 'thanksgiving']"
"Baker's Midnight Manhattan","['red']","['fall', 'holiday', 'thanksgiving']"
"Pinnacle Black Widow Martini","['red']","['fall', 'halloween']"
"SQRRL An Apple A Day","['red']","['christmas', 'fall', 'game-day', 'thanksgiving', 'winter']"
"El Tesoro Paloma","['red']","['bbq', 'christmas', 'holiday', 'summer']"
"Basil Hayden
Boulevardier","['red']","['fall', 'holiday', 'thanksgiving']"
"Cruzan Cranberry Cider Punch","['red']","['christmas', 'fall', 'holiday', 'thanksgiving', 'winter']"
"Pinnacle Holly Jolly Punch","['red']","['christmas', 'fall', 'holiday', 'thanksgiving', 'winter']"
"Negroni","['red']",NA
"Red Zone","['red']","['game-day']"
"Watermelon Rush","['red']","['game-day']"
"Cranberry Mojito","['red']","['christmas', 'fall', 'holiday', 'winter']"
"Laphroaig Blood Mary Queen of Scots","['red']","['brunch', 'fall']"
"Black Sunset","['red']","['fall', 'spring']"
"Melon Berry Mist","['red']","['bbq', 'spring', 'summer']"
"Holiday Wreath","['red']","['holiday', 'winter']"
"Black Cherry Avalanche","['red']","['bbq', 'spring', 'summer']"
"Berry Moscow Mule","['red']","['bbq', 'brunch', 'spring', 'summer']"
"Independence Spice","['red']","['spring']"
"Dad’s Bourbon Mary","['red']","['brunch', 'game-day']"
"Jim Beam Black
Manhattan","['red']","['game-day', 'winter']"
"Paris Dream","['red']","['ladies-night', 'holiday', 'valentines-day']"
"Flirty Fizz","['red']","['ladies-night', 'holiday', 'valentines-day']"
"Orchard Twist","['red']","['fall']"
"Tequiliano","['red']",NA
"Fire Apple","['red']","['fall']"
"Bloody Beam","['red']","['brunch']"
"Cranberry Cooler","['red']","['fall', 'thanksgiving', 'thanksgiving']"
"The Devil & Miss Mary","['red']","['brunch']"
"Black Beauty","['red']","['summer']"
"Strawberry Daiquiri","['red']","['ladies-night', 'summer', 'tropical']"
"The Samuels","['red']","['birthday', 'ladies-night', 'fall', 'thanksgiving']"
"Apples and Bourbon","['red']","['fall', 'holiday', 'thanksgiving']"
"Bloody Mark","['red']","['brunch']"
"The Unnecessary Noise","['red']","['bbq', 'fall', 'thanksgiving']"
"Summer Mash Up","['red']","['bbq', 'summer', 'tropical']"
"Spaghetti Western","['red']","['birthday']"
"After Midnight in Kentucky","['red']","['birthday', 'ladies-night']"
"Condopolitan","['red']","['ladies-night', 'fall', 'spring']"
"Sauza Strawberry Margarita","['red']","['bbq', 'summer']"
"DeKuyper Banana Split","['red']","['birthday']"
"New England Apple Pie","['red']","['fall', 'holiday', 'thanksgiving']"
"Candy Apple","['red']","['birthday', 'ladies-night', 'fall', 'holiday', 'thanksgiving']"
"Holly Jolly Punch","['red']","['bbq', 'christmas', 'fall', 'holiday', 'thanksgiving']"
"Berry Burst","['red']","['bbq', 'birthday', 'ladies-night', 'spring', 'summer']"
"Melon Creek Martini","['red']","['bbq', 'ladies-night', 'summer', 'summer', 'summer']"
"The Raspberry Julep","['red']","['ladies-night', 'spring', 'summer']"
"Double Razzmatazz Grape Martini","['red']","['ladies-night', 'new-years', 'summer', 'summer', 'summer']"
"Cran-Apple Martini","['red']","['birthday', 'ladies-night', 'fall', 'thanksgiving']"
"Cherry Margarita","['red']","['ladies-night', 'summer', 'summer', 'summer']"
"Sauza Razzmatazz Margarita","['red']","['bbq', 'summer', 'summer', 'summer']"
"Razzmatazz Sangria","['red']","['bbq', 'summer', 'summer', 'summer']"
"Sunset Daiquiri","['red']","['summer', 'tropical']"
"Ruby Sparkler","['red']","['summer']"
"Hornitos Black Barrel Tequila Manhattan","['red']","['fall', 'winter']"
"Bloody Maria","['red']","['brunch']"
"Candy Apple Margarita","['red']","['ladies-night', 'summer']"
"Stars and Stripes Bloody Mary","['red']","['bbq', 'brunch', 'summer']"
"Red Greyhound Pinn-Tini","['red']","['ladies-night', 'holiday', 'spring', 'valentines-day']"
"Pineapple Razztini","['red']","['ladies-night', 'summer', 'tropical']"
"Mango Cran-Tini","['red']","['ladies-night', 'summer', 'tropical']"
"Grape Cosmo","['red']","['birthday', 'ladies-night', 'summer']"
"Sunday Funday Bloody Mary","['red']","['brunch', 'game-day']"
"Classic Cosmo","['red']","['ladies-night', 'summer']"
"Skinnygirl Bloody Mary","['red']","['brunch']"
"Japanese Gin Sour","['orange']","['fall', 'summer', 'winter']"
"Kentucky Mule","['orange']","['bbq', 'brunch', 'spring', 'summer']"
"Don Francisco Margarita","['orange']","['bbq', 'birthday', 'spring', 'summer']"
"Maker's Mark Paper Plane","['orange']","['fall', 'winter']"
"Maker's Mark
Bourbon Spritz","['orange']","['brunch', 'spring', 'summer']"
"EFFEN Blood Orange Crush","['orange']","['fall', 'holiday', 'thanksgiving']"
"The Wheel","['orange']","['fall', 'holiday', 'winter']"
"Orangesicle","['orange']","['game-day']"
"Bourbon Cider Sour","['orange']","['fall', 'thanksgiving']"
"Zombie","['orange']","['fall', 'halloween']"
"Lemon Tell You Somethin’ Honey","['orange']","['fall', 'game-day', 'thanksgiving']"
"Double Oak Whiskey Smash","['orange']","['bbq', 'fall', 'summer']"
"Kiss Me Cocktail","['orange']","['birthday', 'holiday', 'new-years']"
"Tequila Sunrise","['orange']","['brunch', 'tropical']"
"Mango Sunset","['orange']","['bbq', 'spring', 'summer', 'tropical']"
"Basil Berry Mojito","['orange']","['bbq', 'spring', 'summer']"
"Juicy Screw","['orange']","['bbq', 'ladies-night', 'brunch', 'spring', 'summer']"
"Spiced Christmas Punch","['orange']","['fall', 'holiday', 'winter']"
"Amaretto Sour","['orange']","['thanksgiving']"
"Zarza","['orange']",NA
"Peach Old Fashioned","['orange']","['fall']"
"The Contemporary","['orange']","['fall']"
"Courvoisier Old Fashioned","['orange']",NA
"Devil in the Morning","['orange']","['brunch', 'summer']"
"Bourbon Sour","['orange']","['summer']"
"Kentucky Sunrise","['orange']","['brunch', 'spring', 'summer']"
"Jim Beam Collins","['orange']",NA
"Hurricane","['orange']","['summer', 'tropical']"
"Man O' War","['orange']","['birthday', 'ladies-night', 'fall', 'spring', 'wedding']"
"Le Provocateur","['orange']","['birthday', 'ladies-night', 'new-years']"
"The Brown Derby","['orange']","['birthday', 'ladies-night', 'ladies-night', 'fall']"
"Maker's Mistletoe","['orange']","['christmas', 'fall', 'holiday']"
"Makerita","['orange']","['ladies-night', 'summer']"
"Bourbon Squash","['orange']","['fall', 'thanksgiving']"
"Apricot Sour","['orange']","['fall', 'spring', 'summer']"
"Fuzzy Beam","['orange']","['brunch', 'summer']"
"Apple Pie","['orange']","['fall', 'thanksgiving']"
"Mai Time","['orange']","['summer', 'tropical']"
"Watermelon Mai Tai","['orange']","['bbq', 'birthday', 'summer', 'summer', 'tropical']"
"Sloe Gin Fizz","['orange']","['bbq', 'birthday', 'summer']"
"Amaretto Stone Sour","['orange']","['birthday', 'fall', 'summer']"
"Peachtree Martini","['orange']","['ladies-night', 'spring']"
"Apple Cider Float","['orange']","['birthday', 'fall', 'thanksgiving']"
"Classic Rum Punch","['orange']","['bbq', 'summer', 'tropical']"
"Peach Mojito","['orange']","['spring', 'summer']"
"Smashin' Passion","['orange']","['summer', 'tropical']"
"Cruzan Sidecar","['orange']","['ladies-night']"
"Key Lime Sparkler","['orange']","['summer']"
"Slowpoke Shandy","['orange']","['game-day', 'summer']"
"Planter's Punch","['orange']","['summer', 'tropical']"
"Autumn-tini","['orange']","['fall', 'thanksgiving']"
"Cruzan 9 Punch","['orange']","['bbq', 'ladies-night', 'summer']"
"Mango Hurricane","['orange']","['bbq', 'summer', 'tropical']"
"Voodoo Hurricane","['orange']","['ladies-night', 'summer', 'tropical']"
"Banana Nana","['orange']","['summer', 'tropical']"
"Island Breeze","['orange']","['summer', 'tropical']"
"Pequeña Colada","['orange']","['summer', 'tropical']"
"The Summer Friday","['orange']","['summer', 'tropical']"
"Orange Coco-Naut Cosmos","['orange']","['summer', 'tropical']"
"Orange Dreamsicle","['orange']","['summer']"
"Cran Tropic-Tini","['orange']","['summer', 'tropical']"
"Tom Collins","['clear']","['bbq', 'brunch', 'spring', 'summer']"
"Tokyo Collins","['clear']","['bbq', 'brunch', 'spring', 'summer']"
"Vesper","['clear']","['fall', 'spring', 'summer', 'winter']"
"Bruxo Mezcal Mule","['clear']","['bbq', 'christmas', 'holiday', 'summer']"
"Hornitos Ranch Water","['clear']","['bbq', 'christmas', 'holiday', 'summer']"
"Sipsmith Gin and Tonic","['clear']","['bbq', 'christmas', 'holiday', 'summer']"
"Pinnacle Mule","['clear']","['birthday', 'christmas', 'holiday', 'summer']"
"Haku Martini","['clear']",NA
"Haku Highball (“Haku-Hi”)","['clear']","['bbq', 'christmas', 'holiday', 'summer']"
"Toki Highball","['clear']","['bbq', 'christmas', 'holiday', 'summer']"
"Roku Gin Sonic","['clear']","['bbq', 'christmas', 'holiday', 'summer']"
"Sauza Classic Margarita","['clear']","['summer']"
"Gin & Tonic","['clear']",NA
"EFFEN Green Apple Cooler","['clear']","['fall', 'spring', 'summer']"
"EFFEN Raspberry Lemonade","['clear']","['brunch', 'summer']"
"Vodka Beast","['clear']","['birthday']"
"Classic Mojito","['clear']","['bbq', 'ladies-night', 'spring', 'summer', 'tropical']"
"Citrus Fizz","['clear']","['birthday', 'ladies-night', 'brunch', 'valentines-day']"
"Jim Beam Apple Highball","['clear']","['game-day']"
"Cruzan Daiquiri","['clear']","['summer', 'tropical']"
"Jalapeño Margarita","['clear']","['summer']"
"Cucumber Martini","['clear']","['ladies-night', 'summer']"
"Vodka Gimlet","['clear']","['summer']"
"Moscow Mule","['clear']","['bbq', 'spring', 'summer']"
"White Chocolate Raspberry Martini","['clear']","['birthday', 'ladies-night', 'holiday', 'valentines-day', 'winter']"
"Ginger Martini","['clear']","['christmas', 'holiday', 'winter']"
"Elderflower Martini","['clear']","['birthday', 'ladies-night', 'summer', 'summer', 'summer', 'wedding']"
"Elderflower Margarita","['clear']","['bbq', 'ladies-night']"
"Slippery Slide","['clear']","['ladies-night', 'christmas', 'holiday', 'winter']"
"Peachtree Bellini","['clear']","['birthday', 'ladies-night', 'brunch', 'holiday', 'new-years', 'spring', 'summer', 'valentines-day', 'wedding']"
"Classic Lemon Drop","['clear']","['birthday', 'ladies-night', 'summer']"
"Sauza Peach Margarita","['clear']","['bbq']"
"Peach Sangria","['clear']","['spring']"
"Home Team Mojito","['clear']","['spring']"
"Cruzan Confusion","['clear']","['bbq', 'summer', 'tropical']"
"Paradise Punch","['clear']","['summer', 'tropical']"
"Strawberry Rosemary Punch","['clear']","['ladies-night', 'summer']"
"Strawberry Basil Spritzer","['clear']","['ladies-night', 'spring', 'summer']"
"Spiced Holly Highball","['clear']","['christmas', 'fall', 'holiday', 'thanksgiving']"
"Cruzan Summer Breeze","['clear']","['bbq', 'summer']"
"Light and Tonic","['clear']","['spring', 'summer']"
"Peach on the Beach","['clear']","['summer', 'tropical']"
"Cruzan Peach Sangria","['clear']","['bbq', 'spring', 'summer']"
"Peach Daiquiri","['clear']","['spring', 'summer']"
"Classic Margarita","['clear']","['summer']"
"Juan Collins","['clear']","['spring', 'summer']"
"Mexican Julep","['clear']","['spring', 'summer']"
"Sunset Martini","['clear']","['ladies-night', 'summer']"
"Chocolate Covered Berries","['clear']","['birthday', 'ladies-night', 'spring', 'summer', 'valentines-day']"
"Peachy Keen","['clear']","['spring', 'summer']"
"Midnight's Kiss","['clear']","['new-years']"
"Dirty Martini","['clear']",NA
"Handsome Ginger","['clear']","['summer']"
"Last Word","['green']","['spring', 'summer']"
"Midori Pot of Gold","['green']",NA
"'Tea' New Fashioned","['green']","['birthday', 'brunch', 'fall', 'holiday', 'spring', 'summer', 'winter']"
"Sauza Mexican Paloma","['green']","['fall', 'summer']"
"DeKuyper End of the Rainbow","['green']","['game-day', 'spring']"
"Hornitos Shot-Taker
Margarita","['green']","['fall', 'spring', 'summer', 'winter']"
"El Tesoro Tommy's Margarita","['green']","['fall']"
"Sour Apple Highball","['green']","['game-day']"
"Cucumber Melon Margarita","['green']","['spring', 'summer']"
"Cucumber Cooler","['green']","['spring', 'summer']"
"Melon Cooler","['green']","['brunch', 'spring']"
"Melon Ball","['green']","['ladies-night', 'summer', 'tropical']"
"Midori and Ginger Beer","['green']","['summer']"
"Green Eyed Ginger","['green']",NA
"Emerald Daiquiri","['green']","['spring', 'summer', 'tropical']"
"Midori Jim and Ginger","['green']","['bbq', 'spring', 'summer']"
"Garden Delight","['green']","['spring', 'summer', 'wedding']"
"Bourbon Tarragon Cooler","['green']","['summer']"
"Midori Splice","['green']","['tropical']"
"Green Haze","['green']","['spring', 'summer', 'tropical', 'tropical']"
"Midori and Ginger","['green']","['bbq']"
"Fresh Midori Sour","['green']","['tropical']"
"Fuzzy Melon Ball","['green']","['ladies-night', 'spring']"
"Midori Orange and Sparkling","['green']","['new-years', 'spring', 'summer']"
"Midori Mistletoe","['green']","['christmas', 'holiday']"
"Holly Jolly","['green']","['christmas', 'holiday']"
"Midori Sparkle","['green']","['birthday', 'ladies-night', 'holiday', 'new-years', 'summer']"
"Melon Splash","['green']","['bbq', 'birthday', 'summer']"
"Apple Fizz","['green']","['bbq']"
"Caramel Apple Martini","['green']","['fall', 'halloween', 'thanksgiving']"
"Caramel Apple Shot","['green']","['fall', 'halloween', 'thanksgiving']"
"Appletini","['green']","['fall', 'halloween', 'spring']"
"Mintini Martini","['green']","['birthday', 'christmas', 'holiday', 'winter']"
"Sour Apple Popsicle Martini","['green']","['birthday', 'ladies-night', 'summer']"
"Green River","['green']",NA
"Hornitos Midori Margarita","['green']","['summer', 'tropical']"
"Midori Margarita","['green']",NA
"Bourbon Renewal","['pink']","['bbq', 'brunch', 'spring', 'summer']"
"Kentucky Buck","['pink']","['bbq', 'spring', 'summer']"
"Tickled Pink","['pink']","['birthday', 'brunch', 'spring', 'valentines-day', 'wedding']"
"The Berry Thought of You","['pink']","['birthday', 'brunch', 'spring', 'valentines-day', 'wedding']"
"Strawberry Crush","['pink']","['birthday', 'brunch', 'valentines-day', 'wedding']"
"Pinnacle Raspberry Lemonade","['pink']","['summer']"
"Tres Gen Paloma","['pink']","['summer']"
"Classic Hornitos Paloma","['pink']","['bbq', 'spring', 'summer']"
"Prickly Pink Margarita","['pink']","['fall', 'spring', 'summer', 'tropical']"
"Paloma","['pink']","['bbq', 'spring', 'summer']"
"Shark's Tooth","['pink']","['tropical']"
"Cucumber Watermelon Martini","['pink']","['ladies-night', 'summer']"
"Sex On The Beach","['pink']","['ladies-night', 'summer']"
"El Bombin","['pink']","['ladies-night']"
"Rum Runner","['pink']","['summer', 'tropical']"
"Strawberry Julep","['pink']","['birthday', 'ladies-night', 'spring', 'summer']"
"Fruitcake","['pink']","['christmas']"
"Watermelon Martini","['pink']","['bbq', 'ladies-night', 'summer']"
"Blushing Margarita","['pink']","['bbq', 'birthday', 'ladies-night', 'summer', 'summer', 'summer']"
"Oatmeal Cookie","['pink']","['birthday', 'ladies-night', 'spring']"
"Strawberry Tease Martini","['pink']","['birthday', 'ladies-night', 'new-years', 'tropical', 'tropical']"
"Watermelon Pucker","['pink']","['bbq']"
"Downward Facing Daiquiri","['pink']","['summer']"
"Watermelon Margarita","['pink']","['bbq', 'birthday']"
"Sugar Pop Martini","['pink']","['birthday', 'ladies-night', 'spring', 'valentines-day']"
"Bay Breeze","['pink']","['bbq', 'summer', 'tropical']"
"Sauza Watermelon Margarita","['pink']","['bbq', 'summer']"
"Sauza Strawberry Sparkler","['pink']","['summer']"
"Paris Escape","['pink']","['ladies-night', 'summer', 'valentines-day', 'wedding']"
"Pink Pineapple-Tini","['pink']","['ladies-night', 'summer', 'tropical']"
"Pinnacle Summer Breeze","['pink']","['bbq', 'ladies-night', 'brunch', 'summer']"
"Vanilla Cream Berry-Tini","['pink']","['ladies-night', 'spring', 'valentines-day']"
"Strawberry Basil","['pink']","['bbq', 'summer']"
"Half & Half Punch",NA,"['bbq', 'summer']"
"Summer Fish Bowl",NA,"['bbq', 'summer']"
"Blue Lagoon Sangria",NA,"['bbq', 'spring', 'summer']"
"Citrus-Spangled Spritzer",NA,"['bbq', 'brunch', 'summer']"
"Blue Stallion Julep",NA,"['bbq', 'brunch', 'spring', 'summer']"
"Berry Good Shandy",NA,"['bbq', 'brunch', 'spring', 'summer']"
"Peach Tea",NA,"['bbq', 'summer']"
"Blueberry Margarita",NA,"['bbq', 'ladies-night']"
"Blue Hawaii",NA,"['bbq', 'tropical']"
"Apple Daiquiri",NA,"['bbq', 'summer', 'tropical', 'tropical']"
"Amaretto Pina Colada",NA,"['bbq', 'summer', 'tropical']"
"S'mmmores",NA,"['bbq', 'fall', 'summer']"
"Pool Party Punch",NA,"['birthday', 'summer']"
"Bourbon Butter Pecan Milkshake",NA,"['birthday', 'fall', 'summer']"
"Bourbon Ball",NA,"['birthday', 'birthday', 'holiday', 'winter']"
"Bellini Manhattan",NA,"['birthday', 'ladies-night', 'holiday', 'new-years', 'valentines-day', 'wedding']"
"Cinnamon Sugar Cookie",NA,"['birthday', 'christmas', 'fall', 'holiday', 'winter']"
"Purple Haze Martini",NA,"['birthday', 'halloween']"
"Buttery Nipple",NA,"['birthday', 'ladies-night', 'holiday', 'new-years']"
"Smore-Tini",NA,"['birthday', 'fall']"
"Toffee Drop Martini",NA,"['birthday', 'halloween', 'holiday', 'winter']"
"Key Lime Pie Martini",NA,"['birthday', 'ladies-night', 'summer', 'summer', 'summer', 'tropical']"
"Blue Martini",NA,"['ladies-night', 'summer', 'summer', 'tropical']"
"Coconut Snowball Martini",NA,"['ladies-night', 'holiday', 'tropical', 'winter']"
"Minted Joe",NA,"['brunch']"
"Sunrise",NA,"['brunch', 'spring', 'summer']"
"Blue Flurry",NA,"['christmas', 'fall', 'holiday', 'new-years', 'thanksgiving', 'winter']"
"Blazer",NA,"['christmas', 'winter']"
"Maker's (Non-Egg) Nog",NA,"['christmas', 'holiday', 'winter']"
"Snow Cap",NA,"['christmas', 'holiday', 'winter']"
"Maker's Mark Eggnog",NA,"['christmas', 'holiday']"
"Elf's Kiss",NA,"['christmas', 'holiday']"
"Choco-Peppermint Shake",NA,"['christmas', 'holiday', 'winter']"
"Hemingway Daiquiri",NA,"['fall', 'spring', 'winter']"
"Laphroaig Broadbay Sour",NA,"['fall']"
"Bourbon Milk Punch",NA,"['fall', 'holiday', 'winter']"
"Beam Applebees",NA,"['fall', 'thanksgiving']"
"Boozy Pumpkin Milkshake",NA,"['fall', 'halloween', 'holiday', 'thanksgiving']"
"Sideline Sipper",NA,"['game-day']"
"Blue Lagoon",NA,"['game-day']"
"Home Team Punch",NA,"['game-day']"
"Blue Mule",NA,"['game-day']"
"Cubbie Blue",NA,"['game-day']"
"Game Day Peach Sour",NA,"['game-day']"
"Spider's Kiss",NA,"['halloween']"
"Brain Hemorrhage",NA,"['halloween']"
"Yule Nog",NA,"['holiday', 'winter']"
"DeKuyper Mintini",NA,"['holiday', 'winter']"
"White Russian",NA,"['holiday', 'winter']"
"The Money Maker",NA,"['new-years']"
"Mai Tequila",NA,"['spring']"
"Piña Colada",NA,"['summer', 'tropical']"
"Blues on the Rocks",NA,"['summer', 'tropical', 'tropical']"
"Tequila Baybreeze",NA,"['summer', 'tropical']"
"Sauza Blue",NA,"['summer']"
